,Date,Time,URL,Title,Location,Committee,Date Scraped,video_url,Unnamed: 0,Unnamed: 0.1,Unnamed: 0.1.1,Unnamed: 0.1.1.1,Unnamed: 0.1.1.1.1,Unnamed: 0.1.1.1.1.1,Unnamed: 0.1.1.1.1.1.1,Unnamed: 0.1.1.1.1.1.1.1
0,06/08/2021,,https://www.budget.senate.gov/hearings/the-presidents-fiscal-year-2022-budget-proposal,The President's Fiscal Year 2022 Budget Proposal,Room SD-608 ,Budget,2021-09-28,https://www.budget.senate.gov/hearings/watch?hearingid=D44DBD95-5056-A066-6098-4131B04C139C,,,,,,,,
1,05/12/2021,,https://www.budget.senate.gov/hearings/waste-fraud-cost-overruns-and-auditing-at-the-pentagon,"Waste, Fraud, Cost Overruns, and Auditing at the Pentagon",Room SD-608 ,Budget,2021-09-28,https://www.budget.senate.gov/hearings/watch?hearingid=945687CA-5056-A066-604F-ACF5C777396F,,,,,,,,
2,04/15/2021,,https://www.budget.senate.gov/hearings/the-cost-of-inaction-on-climate-change,The Cost of Inaction on Climate Change,Room SH-216 ,Budget,2021-09-28,https://www.budget.senate.gov/hearings/watch?hearingid=FAA2FE1E-5056-A066-6025-5E68262A9BA9,,,,,,,,
3,03/25/2021,,https://www.budget.senate.gov/hearings/ending-a-rigged-tax-code-the-need-to-make-the-wealthiest-people-and-largest-corporations-pay-their-fair-share-of-taxes,Ending a Rigged Tax Code: The Need To Make the Wealthiest People and Largest Corporations Pay their Fair Share of Taxes,Room SH-216 ,Budget,2021-09-28,https://www.budget.senate.gov/hearings/watch?hearingid=EC6D2D21-5056-A066-6040-6208B13EF01C,,,,,,,,
4,03/17/2021,,https://www.budget.senate.gov/hearings/the-income-and-wealth-inequality-crisis-in-america,The Income and Wealth Inequality Crisis in America,SH 216 ,Budget,2021-09-28,https://www.budget.senate.gov/hearings/watch?hearingid=1DAB3DBE-5056-A066-6022-B533FDD27EC3,,,,,,,,
5,03/02/2021,,https://www.budget.senate.gov/nomination-of-ms-shalanda-d-young-to-be-deputy-director-of-omb,Nomination of Ms. Shalanda D. Young to be Deputy Director of OMB,SD 608 SD 608,Budget,2021-09-28,https://www.budget.senate.gov/hearings/watch?hearingid=50DC2A07-5056-A066-6098-8B1AE015D04C,,,,,,,,
6,02/25/2021,,https://www.budget.senate.gov/hearing-should-taxpayers-subsidize-poverty-wages-at-large-profitable-corporations,Hearing: Should Taxpayers Subsidize Poverty Wages at Large Profitable Corporations?,SD 608 SD 08,Budget,2021-09-28,https://www.budget.senate.gov/hearings/watch?hearingid=481FFDFF-5056-A066-6031-8BB0C8C511CD,,,,,,,,
7,02/10/2021,,https://www.budget.senate.gov/omb-nomination-hearing-of-ms-neera-tanden,OMB Nomination Hearing of Ms. Neera Tanden,SD-608 SD-608,Budget,2021-09-28,https://www.budget.senate.gov/hearings/watch?hearingid=47BF8231-5056-A066-60FE-69E9561942C0,,,,,,,,
8,09/23/2020,,https://www.budget.senate.gov/-hearing-on-cbos-updated-budget-outlook, Hearing on CBO’s Updated Budget Outlook,SD 608 SD 608,Budget,2021-09-28,https://www.budget.senate.gov/hearings/watch?hearingid=EADDCEA3-5056-A066-6011-031949AECD45,,,,,,,,
9,09/16/2020,,https://www.budget.senate.gov/senate-budget-committee-roundtable-to-examine-federal-housing-assistance-programs-,Senate Budget Committee Roundtable to Examine Federal Housing Assistance Programs ,SD 608 SD 608,Budget,2021-09-28,https://www.budget.senate.gov/hearings/watch?hearingid=884D5933-5056-A066-6010-6AE214C9AD91,,,,,,,,
10,07/21/2020,,https://www.budget.senate.gov/business-meeting-to-consider-derek-kan-to-be-deputy-director-of-omb,Business Meeting to Consider Derek Kan to be Deputy Director of OMB,SR-301 SR-301,Budget,2021-09-28,https://www.budget.senate.gov/hearings/watch?hearingid=0C83BA02-5056-A066-6085-F988E8851A6A,,,,,,,,
11,06/24/2020,,https://www.budget.senate.gov/nomination-hearing-on-derek-kan-to-be-deputy-director-of-white-house-budget-office,Nomination Hearing - Derek Kan to be Deputy Director of White House Budget Office,SR-301 SR-301,Budget,2021-09-28,https://www.budget.senate.gov/hearings/watch?hearingid=9CDDDD68-5056-A066-608B-850FD3360E79,,,,,,,,
12,06/11/2020,,https://www.budget.senate.gov/business-meeting-to-consider-russell-vought-to-be-director-of-omb,Business Meeting to Consider Russell Vought to be Director of OMB,SR-301 SR-301,Budget,2021-09-28,https://www.budget.senate.gov/hearings/watch?hearingid=D0F7EF07-5056-A066-60E4-50F37F54AA56,,,,,,,,
13,06/03/2020,,https://www.budget.senate.gov/nomination-hearing_-russell-vought-to-be-director-of-office-of-management-and-budget,Nomination Hearing - Russell Vought to be Director of Office of Management and Budget,SR-301 SR-30,Budget,2021-09-28,https://www.budget.senate.gov/hearings/watch?hearingid=691AC192-5056-A066-60B7-BC47C4481F47,,,,,,,,
14,03/12/2020,,https://www.budget.senate.gov/gaos-annual-report-on-nations-fiscal-health,GAO’s Annual Report on Nation’s Fiscal Health,SD 608 SD 608,Budget,2021-09-28,https://www.budget.senate.gov/hearings/watch?hearingid=B1DCCA3C-5056-A066-6099-D0E17C3A9169,,,,,,,,
15,01/14/2020,,https://www.budget.senate.gov/markup-to-consider-hr-5430-the-united-states-mexico-canada-agreement-implementation-act,"Markup to Consider H.R. 5430, The United States-Mexico-Canada Agreement Implementation Act",SD-608 SD-608,Budget,2021-09-28,https://www.budget.senate.gov/hearings/watch?hearingid=42A6DF4A-5056-A066-60CD-AAD9BC7B12A4,,,,,,,,
16,11/06/2019,,https://www.budget.senate.gov/budget-committee-to-consider-budget-process-reform-legislation,Committee to Consider Budget Process Reform Legislation,SD-608 SD-608,Budget,2021-09-28,https://www.budget.senate.gov/hearings/watch?hearingid=8D286B80-5056-A066-60CE-950BE65B37AC,,,,,,,,
17,10/30/2019,,https://www.budget.senate.gov/chief-financial-officers-act-of-1990-achieving-the-vision,Chief Financial Officers Act of 1990: Achieving the Vision,SD-608 SD-608,Budget,2021-09-28,https://www.budget.senate.gov/hearings/watch?hearingid=C4FE3106-5056-A066-60D0-E4CDDDEA56B9,,,,,,,,
18,06/26/2019,,https://www.budget.senate.gov/fixing-a-broken-budget-and-spending-process-securing-the-nations-fiscal-future,Fixing a Broken Budget and Spending Process: Securing the Nation’s Fiscal Future,SD-608 SD-608,Budget,2021-09-28,https://www.budget.senate.gov/hearings/watch?hearingid=7176C98A-5056-A066-6024-8F9073730FA9,,,,,,,,
19,06/19/2019,,https://www.budget.senate.gov/fixing-a-broken-budget-process-lessons-from-states,Fixing a Broken Budget and Spending Process: Lessons from States,SD-608 SD-608,Budget,2021-09-28,https://www.budget.senate.gov/hearings/watch?hearingid=00DA8F87-5056-A066-602C-1CA88BF4869E,,,,,,,,
20,05/14/2019,,https://www.budget.senate.gov/fixing-a-broken-budget-and-spending-process-perspectives-of-two-former-chairmen,Fixing a Broken Budget and Spending Process: Perspectives of Two Former Chairmen,SD-608 SD-608,Budget,2021-09-28,https://www.budget.senate.gov/hearings/watch?hearingid=C661822C-5056-A066-6037-8C85433B6133,,,,,,,,
21,04/09/2019,,https://www.budget.senate.gov/department-of-defense-fiscal-year-2020-budget-request,Department of Defense Fiscal Year 2020 Budget Request,SD-608 SD-608,Budget,2021-09-28,https://www.budget.senate.gov/hearings/watch?hearingid=E4B058E5-5056-A066-60C6-29A1BCFB2E9B,,,,,,,,
22,03/28/2019,,https://www.budget.senate.gov/fiscal-year-2020-budget-resolution_-day-2,Fiscal Year 2020 Budget Resolution - Day 2,SH-216 SH-216,Budget,2021-09-28,https://www.budget.senate.gov/hearings/watch?hearingid=7E895758-5056-A066-60B2-99171D8D0234,,,,,,,,
23,03/27/2019,,https://www.budget.senate.gov/fiscal-year-2020-budget-resolution_-day-1,Fiscal Year 2020 Budget Resolution - Day 1,SD-608 SD-608,Budget,2021-09-28,https://www.budget.senate.gov/hearings/watch?hearingid=7E6C967E-5056-A066-600E-B81B3D80DABD,,,,,,,,
24,03/13/2019,,https://www.budget.senate.gov/senate-budget-committee-will-hold-hearing-march-13-on-the-presidents-fiscal-year-2020-budget-proposal, President’s Fiscal Year 2020 Budget Proposal,SD-608 SD-608,Budget,2021-09-28,https://www.budget.senate.gov/hearings/watch?hearingid=4690335A-5056-A066-60A2-707F4EB2971A,,,,,,,,
25,02/27/2019,,https://www.budget.senate.gov/the-budget-control-act-a-review-of-cap-adjusted-spending,The Budget Control Act: A Review of Cap-Adjusted Spending,SD-608 SD-608,Budget,2021-09-07,https://www.budget.senate.gov/hearings/watch?hearingid=A5D95469-5056-A066-60A4-CC4BC4F7332B,25.0,25.0,25.0,25.0,25.0,25.0,25.0,0.0
26,01/29/2019,,https://www.budget.senate.gov/cbos-budget-and-economic-outlook-fy-2019-2029,CBO’s Budget and Economic Outlook: FY 2019-2029,SD-608 SD-608,Budget,2021-09-07,https://www.budget.senate.gov/hearings/watch?hearingid=CF40D683-5056-A066-6048-95B8472D0DB1,26.0,26.0,26.0,26.0,26.0,26.0,26.0,1.0
27,09/13/2018,,https://www.budget.senate.gov/an-update-on-transparency-at-the-congressional-budget-office,An Update on Transparency at the Congressional Budget Office,SD-608 SD-608,Budget,2021-09-07,https://www.budget.senate.gov/hearings/watch?hearingid=ADFEF3AD-5056-A066-602C-A151F3352ACA,27.0,27.0,27.0,27.0,27.0,27.0,27.0,2.0
28,05/23/2018,,https://www.budget.senate.gov/government-accountability-offices-annual-report-focused-on-additional-opportunities-to-reduce-fragmentation,GAO Report to Reduce Federal Duplication and Overlap ,SD-608 SD-608,Budget,2021-09-07,https://www.budget.senate.gov/hearings/watch?hearingid=2080A69F-5056-A066-6094-F7765017E679,28.0,28.0,28.0,28.0,28.0,28.0,28.0,3.0
29,04/11/2018,,https://www.budget.senate.gov/cbos-budget-and-economic-outlook-fiscal-years-2018-2028,CBO’s Budget and Economic Outlook: Fiscal Years 2018-2028,SD-608 SD-608,Budget,2021-09-07,https://www.budget.senate.gov/hearings/watch?hearingid=AA62927A-5056-A066-6096-7A00CC7F9353,29.0,29.0,29.0,29.0,29.0,29.0,29.0,4.0
30,03/21/2018,,https://www.budget.senate.gov/economic-report-of-the-president,Economic Report of the President,SD-608 SD-608,Budget,2021-09-07,https://www.budget.senate.gov/hearings/watch?hearingid=728E5029-5056-A066-6020-80A89957585B,30.0,30.0,30.0,30.0,30.0,30.0,30.0,5.0
31,03/07/2018,,https://www.budget.senate.gov/department-of-defense-audit-and-business-operations-reform-at-the-pentagon,Department of Defense Audit and Business Operations Reform at the Pentagon,SD-608 SD-608,Budget,2021-09-07,https://www.budget.senate.gov/hearings/watch?hearingid=A305C6B4-5056-A066-609D-6D0967DDBF28,31.0,31.0,31.0,31.0,31.0,31.0,31.0,6.0
32,02/13/2018,,https://www.budget.senate.gov/presidents-fy-2019-budget-proposal,President’s FY 2019 Budget Proposal,SD-608 SD-608,Budget,2021-09-07,https://www.budget.senate.gov/hearings/watch?hearingid=35487775-5056-A066-6063-DC51CE0EF886,32.0,32.0,32.0,32.0,32.0,32.0,32.0,7.0
33,01/24/2018,,https://www.budget.senate.gov/cbo-oversight-hearing,CBO Oversight Hearing,SD-608 SD-608,Budget,2021-09-07,https://www.budget.senate.gov/hearings/watch?hearingid=3189D016-5056-A066-60D6-745104AAF86F,33.0,33.0,33.0,33.0,33.0,33.0,33.0,8.0
34,11/28/2017,,https://www.budget.senate.gov/senate-budget-committee-to-consider_fy-2018-reconciliation-legislation,Senate Budget Committee to Consider  FY 2018 Reconciliation Legislation,SD-608 SD-608,Budget,2021-09-07,https://www.budget.senate.gov/hearings/watch?hearingid=8EA2E965-5056-A066-6012-B70C35623451,34.0,34.0,34.0,34.0,34.0,34.0,34.0,9.0
35,10/05/2017,,https://www.budget.senate.gov/markup-of-fy-2018-budget-resolution_-day-2,Markup of FY 2018 Budget Resolution - Day 2,SH-216 SH-216,Budget,2021-09-07,https://www.budget.senate.gov/hearings/watch?hearingid=135E75A7-5056-A066-607D-64F85981A033,35.0,35.0,35.0,35.0,35.0,35.0,35.0,10.0
36,10/04/2017,,https://www.budget.senate.gov/markup-of-fy-2018-budget-resolution_-day-1,Markup of FY 2018 Budget Resolution - Day 1,SD-608 SD-608,Budget,2021-09-07,https://www.budget.senate.gov/hearings/watch?hearingid=1352BFB6-5056-A066-60B0-BCAA4E4DB2C4,36.0,36.0,36.0,36.0,36.0,36.0,36.0,11.0
37,06/13/2017,,https://www.budget.senate.gov/treasury-sec-mnuchin-to-testify-june-13-on-presidents-fy-18-budget-and-revenue-proposals-,Hearing on President’s FY 18 Budget and Revenue Proposals Featuring Treasury Sec. Mnuchin ,SD-608 SD-608,Budget,2021-09-07,https://www.budget.senate.gov/hearings/watch?hearingid=1DF79D58-5056-A066-6013-140BE1E93697,37.0,37.0,37.0,37.0,37.0,37.0,37.0,12.0
38,06/07/2017,,https://www.budget.senate.gov/nomination-hearing-for-deputy-director_of-white-house-budget-office,Nomination Hearing for Deputy Director  of White House Budget Office ,SD-608 SD-608,Budget,2021-09-07,https://www.budget.senate.gov/hearings/watch?hearingid=E9CA49E5-5056-A066-6056-62BB2BE6BA6B,38.0,38.0,38.0,38.0,38.0,38.0,38.0,13.0
39,05/25/2017,,https://www.budget.senate.gov/hearing-on-presidents-fy-18-budget-with-omb-director-mulvaney-on-may-25-,Hearing on President’s FY 18 Budget with OMB Director May 25 ,SD-608 SD-608,Budget,2021-09-07,https://www.budget.senate.gov/hearings/watch?hearingid=1EC7D777-5056-A066-603E-9CE16BF45B5D,39.0,39.0,39.0,39.0,39.0,39.0,39.0,14.0
40,05/17/2017,,https://www.budget.senate.gov/gao-head-and-cbo-director-to-discuss_ways-to-run-government-for-less-,GAO Head and CBO Director to Discuss  Ways to Run Government for Less ,SD-608 SD-608,Budget,2021-09-07,https://www.budget.senate.gov/hearings/watch?hearingid=B69F97FD-5056-A066-6038-B35F1B5A075D,40.0,40.0,40.0,40.0,40.0,40.0,40.0,15.0
41,05/10/2017,,https://www.budget.senate.gov/economic-growth-policies-for-the-new-administration,Growth Policies for the New Administration,SD-608 SD-608,Budget,2021-09-07,https://www.budget.senate.gov/hearings/watch?hearingid=7B1A1FC9-5056-A066-6011-DBD2C3CD7635,41.0,41.0,41.0,41.0,41.0,41.0,41.0,16.0
42,05/03/2017,,https://www.budget.senate.gov/private-sector-growth-and-the-economy,Private Sector Growth and the Economy,Dirksen Senate Office Building 608 608,Budget,2021-09-07,https://www.budget.senate.gov/hearings/watch?hearingid=DD329568-5056-A066-60F9-E1F34F46A209,42.0,42.0,42.0,42.0,42.0,42.0,42.0,17.0
43,02/02/2017,,https://www.budget.senate.gov/executive-session-to-consider-omb-nominee,Executive Session to Consider OMB Nominee,SD-608 SD-608,Budget,2021-09-07,https://www.budget.senate.gov/hearings/watch?hearingid=5F2F321E-5056-A066-600B-597BD5B58FB2,43.0,43.0,43.0,43.0,43.0,43.0,43.0,18.0
44,02/01/2017,,https://www.budget.senate.gov/hearing-on_cbos-budget-and-economic-outlook,Hearing on  CBO’s Budget and Economic Outlook,SD-608 SD-608,Budget,2021-09-07,https://www.budget.senate.gov/hearings/watch?hearingid=5F4B3898-5056-A066-6096-095707AF1966,44.0,44.0,44.0,44.0,44.0,44.0,44.0,19.0
45,01/24/2017,,https://www.budget.senate.gov/hearing-to-consider-the-nomination-of-rep-mick-mulvaney-r-sc-to-lead-the-white-house-office-of-management-and-budget,Hearing to Consider Nomination of Rep. Mick Mulvaney (R-S.C.) to lead OMB,Dirksen Senate Office Building 608 608,Budget,2021-09-07,https://www.budget.senate.gov/hearings/watch?hearingid=CD3C8A8F-5056-A066-60BD-EEA5622CAB58,45.0,45.0,45.0,45.0,45.0,45.0,45.0,20.0
46,09/14/2016,,https://www.budget.senate.gov/oversight-of-the-congressional-budget-office-cbo,Oversight of the Congressional Budget Office (CBO),Dirksen 608,Budget,2021-09-07,https://www.budget.senate.gov/hearings/watch?hearingid=6B0C0F0B-5056-A066-60C0-E42B2075BABA,46.0,46.0,46.0,46.0,46.0,46.0,46.0,21.0
47,04/27/2016,,https://www.budget.senate.gov/hearings/april-27-hearing-on-fixing-the-budget-process-better-budgets-better-results,"Fixing the Budget Process: Better Budgets, Better Results",Dirksen Senate Office Building 608,Budget,2021-09-07,https://www.budget.senate.gov/hearings/watch?hearingid=45F51EFE-5056-A066-6090-9C6357A4F7D9,47.0,47.0,47.0,47.0,47.0,47.0,47.0,22.0
48,04/20/2016,,https://www.budget.senate.gov/hearings/budget-committee-to-hold-april-20-hearing-on-fixing-budget-process-and-restoring-stability-to-govt-operations, Fixing the Budget Process & Restoring Stability to Govt. Operations,Dirksen Senate Office Building 608,Budget,2021-09-07,https://www.budget.senate.gov/hearings/watch?hearingid=45E5C4F8-5056-A066-60D3-92FB274F5E05,48.0,48.0,48.0,48.0,48.0,48.0,48.0,23.0
49,04/13/2016,,https://www.budget.senate.gov/hearings/april-13-hearing-on-fixing-broken-budget-process,Fixing the Broken Budget Process,Dirksen Senate Office Building 608,Budget,2021-09-07,https://www.budget.senate.gov/hearings/watch?hearingid=45CC6EF5-5056-A066-60DE-E5F052B3CD2F,49.0,49.0,49.0,49.0,49.0,49.0,49.0,24.0
50,04/06/2016,,https://www.budget.senate.gov/hearings/how-fed-govts-financial-mismanagement-contributes-to-broken-budget-process,How Fed. Govt.'s financial mismanagement contributes to Broken Budget process,Dirksen Senate Office Building 608,Budget,2021-09-07,https://www.budget.senate.gov/hearings/watch?hearingid=44EBE7FD-5056-A066-6024-EF7910D1E2C4,50.0,50.0,50.0,50.0,50.0,50.0,50.0,0.0
51,02/03/2016,,https://www.budget.senate.gov/hearings/spending-on-unauthorized-programs,Spending on Unauthorized Programs,Dirksen Senate Office Building SD-608,Budget,2021-09-07,https://www.budget.senate.gov/hearings/watch?hearingid=CFA20F61-4040-F985-52CD-8EB217DE8FED,51.0,51.0,51.0,51.0,51.0,51.0,51.0,1.0
52,01/26/2016,,https://www.budget.senate.gov/hearings/cbos-budget-and-economic-outlook-for-fiscal-years-2016-2026,CBO’s Budget and Economic Outlook for fiscal years 2016 – 2026,,Budget,2021-09-07,,52.0,52.0,52.0,52.0,52.0,52.0,52.0,2.0
53,12/09/2015,,https://www.budget.senate.gov/hearings/budget-committee-to-hold-dec-9-hearing-on-regulatory-budgeting,The Need for Regulatory Budgeting,,Budget,2021-09-07,https://www.budget.senate.gov/hearings/watch?hearingid=B29437E1-4ED2-4A4F-96A5-4E2C4BAD2FF5,53.0,53.0,53.0,53.0,53.0,53.0,53.0,3.0
54,11/04/2015,,https://www.budget.senate.gov/hearings/a-biennial-approach-to-better-budgeting,A Biennial Approach to Better Budgeting,,Budget,2021-09-07,https://www.budget.senate.gov/hearings/watch?hearingid=D462B844-6A43-4FB8-9D37-4BCA6E46EE49,54.0,54.0,54.0,54.0,54.0,54.0,54.0,4.0
55,10/21/2015,,https://www.budget.senate.gov/hearings/reforming-the-federal-budget-process-the-need-for-action,Reforming the Federal Budget Process: The Need for Action,,Budget,2021-09-07,https://www.budget.senate.gov/hearings/watch?hearingid=B66C18B1-6ADA-45B4-92A1-ECA6EE6A809E,55.0,55.0,55.0,55.0,55.0,55.0,55.0,5.0
56,08/26/2015,,https://www.budget.senate.gov/hearings/senate-budget-committee-field-hearing-on-tax-related-identity-theft-and-fraudulent-tax-returns,Senate Budget Committee Field Hearing on Tax-related Identity Theft and Fraudulent Tax Returns,,Budget,2021-09-07,,56.0,56.0,56.0,56.0,56.0,56.0,56.0,6.0
57,06/23/2015,,https://www.budget.senate.gov/hearings/joint-hearing-by-senate-budget-and-homeland-security-and-government-affairs-committees-to-account-for-true-cost-of-regulations,Joint Hearing by Senate Budget and Homeland Security and Government Affairs Committees to Account for True Cost of Regulations ,,Budget,2021-09-07,https://www.budget.senate.gov/hearings/watch?hearingid=CCC69281-D86E-4F7C-AA17-D0A49C510893,57.0,57.0,57.0,57.0,57.0,57.0,57.0,7.0
58,06/17/2015,,https://www.budget.senate.gov/hearings/cbos-long-term-fiscal-outlook-for-nation,CBO’s Long Term Fiscal Outlook for Nation,,Budget,2021-09-07,https://www.budget.senate.gov/hearings/watch?hearingid=BFD7A889-4787-4413-893E-D665AE3E28CF,58.0,58.0,58.0,58.0,58.0,58.0,58.0,8.0
59,06/08/2015,,https://www.budget.senate.gov/hearings/sbc-field-hearing-on-crime-victims-fund,SBC Field Hearing on Crime Victims Fund,,Budget,2021-09-07,https://www.budget.senate.gov/hearings/watch?hearingid=F6F1E530-9CDE-436B-97FB-22A4CA3233CB,59.0,59.0,59.0,59.0,59.0,59.0,59.0,9.0
60,05/19/2015,,https://www.budget.senate.gov/hearings/oversight-hearing-of-the-congressional-budget-office,Oversight Hearing of the Congressional Budget Office,,Budget,2021-09-07,https://www.budget.senate.gov/hearings/watch?hearingid=651C100B-368F-4C0A-A7FE-D920EB023F52,60.0,60.0,60.0,60.0,60.0,60.0,60.0,10.0
61,04/20/2015,,https://www.budget.senate.gov/hearings/senate-house-budget-conference,Senate-House Budget Conference ,,Budget,2021-09-07,https://www.budget.senate.gov/hearings/watch?hearingid=A0D5772C-CF2C-42D5-B132-1901B8975995,61.0,61.0,61.0,61.0,61.0,61.0,61.0,11.0
62,03/19/2015,,https://www.budget.senate.gov/hearings/senate-budget-resolution-markup-day-2,Senate Budget Resolution Markup Day 2,,Budget,2021-09-07,https://www.budget.senate.gov/hearings/watch?hearingid=8966DDD1-E63D-4EBC-A66D-28F8DFB752CF,62.0,62.0,62.0,62.0,62.0,62.0,62.0,12.0
63,03/18/2015,,https://www.budget.senate.gov/hearings/senate-budget-resolution-markup,Senate Budget Resolution Markup,,Budget,2021-09-07,https://www.budget.senate.gov/hearings/watch?hearingid=5330611D-6C39-4940-BD11-16C997546033,63.0,63.0,63.0,63.0,63.0,63.0,63.0,13.0
64,03/11/2015,,https://www.budget.senate.gov/hearings/the-better-way-benefits-of-a-balanced-budget,The Better Way: Benefits of a Balanced Budget,,Budget,2021-09-07,https://www.budget.senate.gov/hearings/watch?hearingid=C6F980B2-87CC-4EC9-9576-285437E43914,64.0,64.0,64.0,64.0,64.0,64.0,64.0,14.0
65,03/04/2015,,https://www.budget.senate.gov/hearings/wasteful-duplication-in-the-federal-government,Wasteful Duplication in the Federal Government,,Budget,2021-09-07,https://www.budget.senate.gov/hearings/watch?hearingid=46F96A68-B928-434C-AD53-755B59297562,65.0,65.0,65.0,65.0,65.0,65.0,65.0,15.0
66,02/25/2015,,https://www.budget.senate.gov/hearings/the-coming-crisis-americas-dangerous-debt,The Coming Crisis: America’s Dangerous Debt,,Budget,2021-09-07,https://www.budget.senate.gov/hearings/watch?hearingid=B0454FEA-3691-46E6-B6A4-CE735D2E96AD,66.0,66.0,66.0,66.0,66.0,66.0,66.0,16.0
67,02/11/2015,,https://www.budget.senate.gov/hearings/the-coming-crisis-social-security-disability-trust-fund-insolvency,The Coming Crisis: Social Security Disability Trust Fund Insolvency”,,Budget,2021-09-07,https://www.budget.senate.gov/hearings/watch?hearingid=FFB8D0F9-C572-47EE-9165-F5AE4317E82C,67.0,67.0,67.0,67.0,67.0,67.0,67.0,17.0
68,02/03/2015,,https://www.budget.senate.gov/hearings/the-presidents-fiscal-year-2016-budget-proposal,The President's Fiscal Year 2016 Budget Proposal,,Budget,2021-09-07,https://www.budget.senate.gov/hearings/watch?hearingid=E8BAB703-BF00-49A2-80A5-456EBCC9B54B,68.0,68.0,68.0,68.0,68.0,68.0,68.0,18.0
69,01/28/2015,,https://www.budget.senate.gov/hearings/cbos-budget-and-economic-outlook-fiscal-years-2015-2025,CBO’s Budget and Economic Outlook: Fiscal Years 2015-2025,,Budget,2021-09-07,https://www.budget.senate.gov/hearings/watch?hearingid=C7344FBE-8A8B-4A5B-8266-436BB4A4C50B,69.0,69.0,69.0,69.0,69.0,69.0,69.0,19.0
70,07/29/2014,,https://www.budget.senate.gov/hearings/the-costs-of-inaction-the-economic-and-budgetary-consequences-of-climate-change,The Costs of Inaction: The Economic and Budgetary Consequences of Climate Change,,Budget,2021-09-07,https://www.budget.senate.gov/hearings/watch?hearingid=4B0BF58C-43D1-484B-BDA0-B8D395C1BA46,70.0,70.0,70.0,70.0,70.0,70.0,70.0,20.0
71,06/11/2014,,https://www.budget.senate.gov/hearings/consideration-of-omb-director-nominee-shaun-donovan,Consideration of OMB Director Nominee Shaun Donovan,,Budget,2021-09-07,https://www.budget.senate.gov/hearings/watch?hearingid=DF2404D2-A81B-4455-AC8B-193DA8EF7F16,71.0,71.0,71.0,71.0,71.0,71.0,71.0,21.0
72,06/04/2014,,https://www.budget.senate.gov/hearings/the-impact-of-student-loan-debt-on-borrowers-and-the-economy,The Impact of Student Loan Debt on Borrowers and the Economy,,Budget,2021-09-07,https://www.budget.senate.gov/hearings/watch?hearingid=01F3A6E3-9E0C-439C-91E4-4A1F60919A83,72.0,72.0,72.0,72.0,72.0,72.0,72.0,22.0
73,05/13/2014,,https://www.budget.senate.gov/hearings/expanding-economic-opportunity-for-women-and-families,Expanding Economic Opportunity for Women and Families,,Budget,2021-09-07,https://www.budget.senate.gov/hearings/watch?hearingid=66E7BC96-5668-4D76-A694-7D9221D7C434,73.0,73.0,73.0,73.0,73.0,73.0,73.0,23.0
74,05/08/2014,,https://www.budget.senate.gov/hearings/the-us-economic-and-fiscal-outlook,The U.S. Economic and Fiscal Outlook,,Budget,2021-09-07,https://www.budget.senate.gov/hearings/watch?hearingid=50168AF6-3604-4EC7-A7F0-A026DDBC24F9,74.0,74.0,74.0,74.0,74.0,74.0,74.0,24.0
75,05/06/2014,,https://www.budget.senate.gov/hearings/the-presidents-fiscal-year-2015-education-budget-request,The President’s Fiscal Year 2015 Education Budget Request,,Budget,2021-09-07,https://www.budget.senate.gov/hearings/watch?hearingid=D677B881-8375-4AC3-BE95-6182D2C5813F,75.0,75.0,75.0,75.0,75.0,75.0,75.0,0.0
76,05/01/2014,,https://www.budget.senate.gov/hearings/performance-task-force-investing-in-what-works-exploring-social-impact-bonds,Performance Task Force: Investing in What Works: Exploring Social Impact Bonds,,Budget,2021-09-07,https://www.budget.senate.gov/hearings/watch?hearingid=832E9899-B191-4E53-86AB-7401B7DFD233,76.0,76.0,76.0,76.0,76.0,76.0,76.0,1.0
77,04/08/2014,,https://www.budget.senate.gov/hearings/supporting-broad-based-economic-growth-and-fiscal-responsibility-through-a-fairer-tax-code,Supporting Broad-Based Economic Growth and Fiscal Responsibility through a Fairer Tax Code,,Budget,2021-09-07,https://www.budget.senate.gov/hearings/watch?hearingid=BF5AD42A-8585-4922-9CC1-E6642312157C,77.0,77.0,77.0,77.0,77.0,77.0,77.0,2.0
78,04/01/2014,,https://www.budget.senate.gov/hearings/opportunity-mobility-and-inequality-in-todays-economy,"Opportunity, Mobility, and Inequality in Today’s Economy",,Budget,2021-09-07,https://www.budget.senate.gov/hearings/watch?hearingid=E0EB88A8-56E8-4F6D-856D-92A5A019AB43,78.0,78.0,78.0,78.0,78.0,78.0,78.0,3.0
79,03/12/2014,,https://www.budget.senate.gov/hearings/the-presidents-fiscal-year-2015-budget-and-revenue-proposals,The President’s Fiscal Year 2015 Budget and Revenue Proposals,,Budget,2021-09-07,https://www.budget.senate.gov/hearings/watch?hearingid=5ED6FCF0-2739-4E6E-9A86-8D058B2B6ED9,79.0,79.0,79.0,79.0,79.0,79.0,79.0,4.0
80,03/05/2014,,https://www.budget.senate.gov/hearings/the-presidents-fiscal-year-2015-budget-proposal,The President’s Fiscal Year 2015 Budget Proposal,,Budget,2021-09-07,https://www.budget.senate.gov/hearings/watch?hearingid=D7B47AED-8CF9-4E8B-8D5E-B89107C428B7,80.0,80.0,80.0,80.0,80.0,80.0,80.0,5.0
81,02/25/2014,,https://www.budget.senate.gov/hearings/the-economic-and-budget-outlook-for-individuals-families-and-communities,"The Economic and Budget Outlook for Individuals, Families, and Communities",,Budget,2021-09-07,https://www.budget.senate.gov/hearings/watch?hearingid=F1B257DE-C473-48FE-8278-5CD4F23C4C9F,81.0,81.0,81.0,81.0,81.0,81.0,81.0,6.0
82,02/11/2014,,https://www.budget.senate.gov/hearings/the-budget-and-economic-outlook-for-fiscal-years-2014-2024,The Budget and Economic Outlook for Fiscal Years 2014-2024,,Budget,2021-09-07,https://www.budget.senate.gov/hearings/watch?hearingid=4D46121F-EFC6-4503-9EF8-26D848CEFE44,82.0,82.0,82.0,82.0,82.0,82.0,82.0,7.0
83,02/04/2014,,https://www.budget.senate.gov/hearings/the-2014-outlook-moving-from-constant-crises-to-broad-based-growth,The 2014 Outlook: Moving from Constant Crises to Broad-Based Growth,,Budget,2021-09-07,https://www.budget.senate.gov/hearings/watch?hearingid=30DEA3B1-89A2-4CE8-B6AF-5D97A012CC5B,83.0,83.0,83.0,83.0,83.0,83.0,83.0,8.0
84,11/13/2013,,https://www.budget.senate.gov/hearings/meeting-of-the-bicameral-budget-conference-committee,Meeting of the Bicameral Budget Conference Committee,,Budget,2021-09-07,https://www.budget.senate.gov/hearings/watch?hearingid=D4607080-BF56-4108-B4C5-4AD8DFBD25F6,84.0,84.0,84.0,84.0,84.0,84.0,84.0,9.0
85,10/30/2013,,https://www.budget.senate.gov/hearings/2013/10/29/meeting-of-the-bicameral-budget-conference-committee,Meeting of the Bicameral Budget Conference Committee,,Budget,2021-09-07,https://www.budget.senate.gov/hearings/watch?hearingid=B020B509-FBEC-47DB-B969-4BCB5AF68D83,85.0,85.0,85.0,85.0,85.0,85.0,85.0,10.0
86,09/24/2013,,https://www.budget.senate.gov/hearings/the-impact-of-political-uncertainty-on-jobs-and-the-economy,The Impact of Political Uncertainty on Jobs and the Economy,,Budget,2021-09-07,https://www.budget.senate.gov/hearings/watch?hearingid=7433BAF6-833A-4245-A8C2-CE50F7005541,86.0,86.0,86.0,86.0,86.0,86.0,86.0,11.0
87,09/18/2013,,https://www.budget.senate.gov/hearings/enhancing-accountability-and-increasing-financial-transparency,Enhancing Accountability and Increasing Financial Transparency,,Budget,2021-09-07,https://www.budget.senate.gov/hearings/watch?hearingid=C22C7CFA-927C-41C6-A7E2-43BED81353B4,87.0,87.0,87.0,87.0,87.0,87.0,87.0,12.0
88,07/30/2013,,https://www.budget.senate.gov/hearings/containing-health-care-costs-recent-progress-and-remaining-challenges,Containing Health Care Costs: Recent Progress and Remaining Challenges,,Budget,2021-09-07,https://www.budget.senate.gov/hearings/watch?hearingid=BF67E2B6-D0B2-4817-8DC0-8D8EAF8CB6C8,88.0,88.0,88.0,88.0,88.0,88.0,88.0,13.0
89,07/23/2013,,https://www.budget.senate.gov/hearings/the-impact-of-sequestration-on-national-security-and-the-economy,The Impact of Sequestration on National Security and the Economy,,Budget,2021-09-07,https://www.budget.senate.gov/hearings/watch?hearingid=5078351D-056C-46D4-93AE-775D40A4F6B9,89.0,89.0,89.0,89.0,89.0,89.0,89.0,14.0
90,06/26/2013,,https://www.budget.senate.gov/hearings/investing-in-our-future-the-impact-of-federal-budget-decisions-on-children,Investing in our Future: The Impact of Federal Budget Decisions on Children,,Budget,2021-09-07,https://www.budget.senate.gov/hearings/watch?hearingid=8D082FE0-BFEA-4984-8557-59291AD790FA,90.0,90.0,90.0,90.0,90.0,90.0,90.0,15.0
91,06/18/2013,,https://www.budget.senate.gov/hearings/the-presidents-fiscal-year-2014-education-budget-request,The President’s Fiscal Year 2014 Education Budget Request,,Budget,2021-09-07,https://www.budget.senate.gov/hearings/watch?hearingid=29E22F4B-7B83-4794-9531-D49CDB3D2A3F,91.0,91.0,91.0,91.0,91.0,91.0,91.0,16.0
92,06/12/2013,,https://www.budget.senate.gov/hearings/the-presidents-fiscal-year-2014-defense-budget-request,The President’s Fiscal Year 2014 Defense Budget Request,,Budget,2021-09-07,https://www.budget.senate.gov/hearings/watch?hearingid=B36A657B-5EAD-450A-9C9A-EB873E008CF3,92.0,92.0,92.0,92.0,92.0,92.0,92.0,17.0
93,06/04/2013,,https://www.budget.senate.gov/hearings/the-fiscal-and-economic-effects-of-austerity,The Fiscal and Economic Effects of Austerity ,,Budget,2021-09-07,https://www.budget.senate.gov/hearings/watch?hearingid=AE275F7E-42E3-4EDD-90D2-27FA9B13EC02,93.0,93.0,93.0,93.0,93.0,93.0,93.0,18.0
94,05/22/2013,,https://www.budget.senate.gov/hearings/supporting-broad-based-economic-growth-and-fiscal-responsibility-through-tax-reform,Supporting Broad-Based Economic Growth  and Fiscal Responsibility through Tax Reform,,Budget,2021-09-07,https://www.budget.senate.gov/hearings/watch?hearingid=F9E3CB45-2190-4FE9-9D17-8114C142BCB2,94.0,94.0,94.0,94.0,94.0,94.0,94.0,19.0
95,05/21/2013,,https://www.budget.senate.gov/hearings/the-nomination-of-brian-c-deese-of-massachusetts-to-be-deputy-director-of-the-office-of-management-and-budget,"The Nomination of Brian C. Deese, of Massachusetts, to be Deputy Director of the Office of Management and Budget",,Budget,2021-09-07,https://www.budget.senate.gov/hearings/watch?hearingid=65CFFF88-F171-4A04-B5EE-FBEBC3086067,95.0,95.0,95.0,95.0,95.0,95.0,95.0,20.0
96,05/16/2013,,https://www.budget.senate.gov/hearings/silo-busting-effective-strategies-for-government-reorganization,Silo Busting: Effective Strategies for Government Reorganization,,Budget,2021-09-07,https://www.budget.senate.gov/hearings/watch?hearingid=D5E60858-007E-4E2E-8358-80C756C4AA7B,96.0,96.0,96.0,96.0,96.0,96.0,96.0,21.0
97,04/23/2013,,https://www.budget.senate.gov/hearings/the-presidents-fiscal-year-2014-budget-proposal-and-veterans-program-proposals,The President’s Fiscal Year 2014 Budget Proposal and Veterans’ Program Proposals,,Budget,2021-09-07,https://www.budget.senate.gov/hearings/watch?hearingid=8D7355B2-9CB4-41EE-9238-2946123698A1,97.0,97.0,97.0,97.0,97.0,97.0,97.0,22.0
98,04/16/2013,,https://www.budget.senate.gov/hearings/the-presidents-fiscal-year-2014-budget-and-revenue-proposals,The President’s Fiscal Year 2014 Budget and Revenue Proposals,,Budget,2021-09-07,https://www.budget.senate.gov/hearings/watch?hearingid=41322E8B-DDD3-43E0-AE9D-8DED0A71F5FE,98.0,98.0,98.0,98.0,98.0,98.0,98.0,23.0
99,04/11/2013,,https://www.budget.senate.gov/hearings/the-presidents-fiscal-year-2014-budget-proposal,The President’s Fiscal Year 2014 Budget Proposal,,Budget,2021-09-07,https://www.budget.senate.gov/hearings/watch?hearingid=4AAB2607-4827-4FC5-8E3C-5A06945E1BF1,99.0,99.0,99.0,99.0,99.0,99.0,99.0,24.0
100,04/10/2013,,https://www.budget.senate.gov/hearings/the-nomination-of-the-honorable-sylvia-mathews-burwell-of-west-virginia-to-be-director-of-the-office-of-management-and-budget,"The Nomination of The Honorable Sylvia Mathews Burwell, of West Virginia, to be Director of the Office of Management and Budget",,Budget,2021-09-07,https://www.budget.senate.gov/hearings/watch?hearingid=0FF5D304-6AD6-4E23-96B6-D79A3E71F8CC,100.0,100.0,100.0,100.0,100.0,100.0,100.0,0.0
101,03/14/2013,,https://www.budget.senate.gov/hearings/the-concurrent-resolution-on-the-budget-for-fy-2014,The Concurrent Resolution on the Budget for FY 2014,,Budget,2021-09-07,https://www.budget.senate.gov/hearings/watch?hearingid=178DAFC1-E1AE-4DAF-B7D9-D12F5828EB58,101.0,101.0,101.0,101.0,101.0,101.0,101.0,1.0
102,03/13/2013,,https://www.budget.senate.gov/hearings/2013/03/11/the-concurrent-resolution-on-the-budget-for-fy-2014,The Concurrent Resolution on the Budget for FY 2014,,Budget,2021-09-07,https://www.budget.senate.gov/hearings/watch?hearingid=89E3DF50-4181-4E02-B38C-5AAD342A526A,102.0,102.0,102.0,102.0,102.0,102.0,102.0,2.0
103,03/05/2013,,https://www.budget.senate.gov/hearings/reducing-the-deficit-by-eliminating-wasteful-spending-in-the-tax-code,Reducing the Deficit by Eliminating Wasteful Spending in the Tax Code,,Budget,2021-09-07,https://www.budget.senate.gov/hearings/watch?hearingid=3FAC87F1-DC3D-4FC0-ADD7-D0AF16EC55E2,103.0,103.0,103.0,103.0,103.0,103.0,103.0,3.0
104,02/26/2013,,https://www.budget.senate.gov/hearings/the-impact-of-federal-investments-on-people-communities-and-long-term-economic-growth,"The Impact of Federal Investments on People, Communities,  and Long-Term Economic Growth",,Budget,2021-09-07,https://www.budget.senate.gov/hearings/watch?hearingid=EE4B309B-E52E-4DF2-87B9-47D8751E6DF4,104.0,104.0,104.0,104.0,104.0,104.0,104.0,4.0
105,02/13/2013,,https://www.budget.senate.gov/hearings/the-impact-of-federal-budget-decisions-on-families-and-communities,The Impact of Federal Budget Decisions on Families and Communities,,Budget,2021-09-07,https://www.budget.senate.gov/hearings/watch?hearingid=EE671396-6FD7-4EFE-B17D-B6BD4AEA66C8,105.0,105.0,105.0,105.0,105.0,105.0,105.0,5.0
106,02/12/2013,,https://www.budget.senate.gov/hearings/the-budget-and-economic-outlook-fiscal-years-2013-2023,The Budget and Economic Outlook: Fiscal Years 2013-2023,,Budget,2021-09-07,https://www.budget.senate.gov/hearings/watch?hearingid=FC0DD17C-E815-4468-A397-CCA3619D439E,106.0,106.0,106.0,106.0,106.0,106.0,106.0,6.0
107,04/18/2012,,https://www.budget.senate.gov/hearings/committee-meeting-to-consider-a-concurrent-resolution-on-the-budget-for-fy-2013,Committee Meeting To Consider A Concurrent Resolution On The Budget For FY 2013,,Budget,2021-09-07,https://www.budget.senate.gov/hearings/watch?hearingid=6C900E47-AA36-49D8-9B52-B49F84BABAEC,107.0,107.0,107.0,107.0,107.0,107.0,107.0,7.0
108,03/06/2012,,https://www.budget.senate.gov/hearings/perspectives-on-the-presidents-fiscal-year-2013-budget-request-for-the-us-department-of-defense,Perspectives on the President’s Fiscal Year 2013 Budget Request for the U.S. Department of Defense,,Budget,2021-09-07,https://www.budget.senate.gov/hearings/watch?hearingid=FCB24854-113B-42C6-83C1-3C0085BCC481,108.0,108.0,108.0,108.0,108.0,108.0,108.0,8.0
109,03/01/2012,,https://www.budget.senate.gov/hearings/tax-reform-to-encourage-growth-and-promote-fairness,"Tax Reform to Encourage Growth, and Promote Fairness",,Budget,2021-09-07,https://www.budget.senate.gov/hearings/watch?hearingid=CAEBD128-5FA6-493C-9315-04193539F00F,109.0,109.0,109.0,109.0,109.0,109.0,109.0,9.0
110,02/29/2012,,https://www.budget.senate.gov/hearings/putting-health-care-spending-on-a-sustainable-path,Putting Health Care Spending on a Sustainable Path,,Budget,2021-09-07,https://www.budget.senate.gov/hearings/watch?hearingid=18EC447D-B930-4C8C-89D4-F5E66DB3A8F0,110.0,110.0,110.0,110.0,110.0,110.0,110.0,10.0
111,02/28/2012,,https://www.budget.senate.gov/hearings/the-presidents-fiscal-year-2013-defense-budget-request,The President’s Fiscal Year 2013 Defense Budget Request ,,Budget,2021-09-07,https://www.budget.senate.gov/hearings/watch?hearingid=D485B674-075E-4875-B926-32C837776F07,111.0,111.0,111.0,111.0,111.0,111.0,111.0,11.0
112,02/16/2012,,https://www.budget.senate.gov/hearings/the-presidents-fiscal-year-2013-budget-and-revenue-proposals,The President’s Fiscal Year 2013 Budget and Revenue Proposals,,Budget,2021-09-07,https://www.budget.senate.gov/hearings/watch?hearingid=F39BBDE2-99AF-4D9B-BF69-7EB1B83CDE75,112.0,112.0,112.0,112.0,112.0,112.0,112.0,12.0
113,02/15/2012,,https://www.budget.senate.gov/hearings/the-presidents-fiscal-year-2013-transportation-budget-request,The President’s Fiscal Year 2013 Transportation Budget Request ,,Budget,2021-09-07,https://www.budget.senate.gov/hearings/watch?hearingid=117E70FF-E57A-4F14-8370-027106381008,113.0,113.0,113.0,113.0,113.0,113.0,113.0,13.0
114,02/14/2012,,https://www.budget.senate.gov/hearings/the-presidents-fiscal-year-2013-budget-proposal,The President’s Fiscal Year 2013 Budget Proposal,,Budget,2021-09-07,https://www.budget.senate.gov/hearings/watch?hearingid=EB5CA938-D61F-404E-9857-4B3D58A38E97,114.0,114.0,114.0,114.0,114.0,114.0,114.0,14.0
115,02/09/2012,,https://www.budget.senate.gov/hearings/assessing-inequality-mobility-and-opportunity,"Assessing Inequality, Mobility, and Opportunity",,Budget,2021-09-07,https://www.budget.senate.gov/hearings/watch?hearingid=9C6D22CB-6702-4E8B-98D0-D2235A64736C,115.0,115.0,115.0,115.0,115.0,115.0,115.0,15.0
116,02/07/2012,,https://www.budget.senate.gov/hearings/the-outlook-for-monetary-and-fiscal-policy,The Outlook for Monetary and Fiscal Policy,,Budget,2021-09-07,https://www.budget.senate.gov/hearings/watch?hearingid=AAA95CB7-71D6-42AB-9E03-9AA3E5BA13FE,116.0,116.0,116.0,116.0,116.0,116.0,116.0,16.0
117,02/02/2012,,https://www.budget.senate.gov/hearings/the-budget-and-economic-outlook-fiscal-years-2012-2022,The Budget and Economic Outlook: Fiscal Years 2012-2022,,Budget,2021-09-07,https://www.budget.senate.gov/hearings/watch?hearingid=D774D8A4-8DB1-427A-9B97-122DC6E72502,117.0,117.0,117.0,117.0,117.0,117.0,117.0,17.0
118,02/01/2012,,https://www.budget.senate.gov/hearings/outlook-for-the-eurozone,Outlook for the Eurozone,,Budget,2021-09-07,https://www.budget.senate.gov/hearings/watch?hearingid=986ADA4A-7F48-4755-9263-37BC14CDA402,118.0,118.0,118.0,118.0,118.0,118.0,118.0,18.0
119,01/26/2012,,https://www.budget.senate.gov/hearings/the-outlook-for-the-us-and-global-economy,The Outlook for the U.S. and Global Economy,,Budget,2021-09-07,https://www.budget.senate.gov/hearings/watch?hearingid=0D6E3266-0BB2-41FA-BD43-492ED5917EA6,119.0,119.0,119.0,119.0,119.0,119.0,119.0,19.0
120,11/15/2011,,https://www.budget.senate.gov/hearings/economic-effects-of-fiscal-policy-choices,Economic Effects of Fiscal Policy Choices,,Budget,2021-09-07,https://www.budget.senate.gov/hearings/watch?hearingid=F79F864F-1B8E-43D3-8596-F7E978DA6F92,120.0,120.0,120.0,120.0,120.0,120.0,120.0,20.0
121,10/12/2011,,https://www.budget.senate.gov/hearings/improving-the-congressional-budget-process,Improving the Congressional Budget Process,,Budget,2021-09-07,https://www.budget.senate.gov/hearings/watch?hearingid=C219FE10-73EC-4379-8347-9CA4AFCAB87F,121.0,121.0,121.0,121.0,121.0,121.0,121.0,21.0
122,10/04/2011,,https://www.budget.senate.gov/hearings/improving-the-budget-process,Improving the Budget Process,,Budget,2021-09-07,https://www.budget.senate.gov/hearings/watch?hearingid=F434A174-8BDE-4919-A81C-3DBB5308E147,122.0,122.0,122.0,122.0,122.0,122.0,122.0,22.0
123,09/20/2011,,https://www.budget.senate.gov/hearings/promoting-job-creation-in-the-us,Promoting Job Creation in the U.S.,,Budget,2021-09-07,https://www.budget.senate.gov/hearings/watch?hearingid=9A834183-01C6-438D-A3B6-FABBE21C8462,123.0,123.0,123.0,123.0,123.0,123.0,123.0,23.0
124,09/15/2011,,https://www.budget.senate.gov/hearings/policy-prescriptions-for-the-economy,Policy Prescriptions for the Economy,,Budget,2021-09-07,https://www.budget.senate.gov/hearings/watch?hearingid=369C8C0C-B1E9-47AD-AFF8-91DF2C3B265B,124.0,124.0,124.0,124.0,124.0,124.0,124.0,24.0
125,03/29/2011,,https://www.budget.senate.gov/hearings/executive-business-meeting-nomination-of-heather-higginbottom,Executive Business Meeting: Nomination of Heather Higginbottom,,Budget,2021-09-07,,125.0,125.0,125.0,125.0,125.0,125.0,125.0,0.0
126,03/17/2011,,https://www.budget.senate.gov/hearings/the-nomination-of-heather-a-higginbottom-of-the-district-of-columbia-to-be-deputy-director-of-the-office-of-management-and-budget,"The Nomination of Heather A. Higginbottom, of the District of Columbia, to be Deputy Director of the Office of Management and Budget",,Budget,2021-09-07,https://www.budget.senate.gov/hearings/watch?hearingid=7C90E45E-7210-4057-91FC-DC495E87D1A7,126.0,126.0,126.0,126.0,126.0,126.0,126.0,1.0
127,03/16/2011,,https://www.budget.senate.gov/hearings/modernizing-performance-using-the-new-framework,Modernizing Performance: Using the New Framework,,Budget,2021-09-07,https://www.budget.senate.gov/hearings/watch?hearingid=D28765E8-1E82-426F-9939-1620CE61580D,127.0,127.0,127.0,127.0,127.0,127.0,127.0,2.0
128,03/15/2011,,https://www.budget.senate.gov/hearings/the-report-of-the-bipartisan-policy-centers-debt-reduction-task-force,The Report of the Bipartisan Policy Center’s Debt Reduction Task Force,,Budget,2021-09-07,https://www.budget.senate.gov/hearings/watch?hearingid=095CDE6B-9274-44D9-9FF7-BCBDEF9EDF5E,128.0,128.0,128.0,128.0,128.0,128.0,128.0,3.0
129,03/11/2011,,https://www.budget.senate.gov/hearings/the-nomination-of-heather-a-higginbottom,The Nomination of Heather A. Higginbottom,,Budget,2021-09-07,,129.0,129.0,129.0,129.0,129.0,129.0,129.0,4.0
130,03/10/2011,,https://www.budget.senate.gov/hearings/the-presidents-fy-2012-defense-and-international-affairs-budget,The President’s FY 2012 Defense and International Affairs Budget,,Budget,2021-09-07,https://www.budget.senate.gov/hearings/watch?hearingid=CD87C575-174B-4DBE-929E-6769F8567062,130.0,130.0,130.0,130.0,130.0,130.0,130.0,5.0
131,03/09/2011,,https://www.budget.senate.gov/hearings/2011/03/09/modernizing-performance-using-the-new-framework,Modernizing Performance: Using the New Framework,,Budget,2021-09-07,,131.0,131.0,131.0,131.0,131.0,131.0,131.0,6.0
132,03/09/2011,,https://www.budget.senate.gov/hearings/distribution-and-efficiency-of-spending-in-the-tax-code,Distribution and Efficiency of Spending in the Tax Code,,Budget,2021-09-07,https://www.budget.senate.gov/hearings/watch?hearingid=9F4B29C4-C1ED-4DBE-A403-C875EB1852A4,132.0,132.0,132.0,132.0,132.0,132.0,132.0,7.0
133,03/08/2011,,https://www.budget.senate.gov/hearings/report-of-the-bipartisan-policy-centers-debt-reduction-task-force,Report of the  Bipartisan Policy Center’s Debt Reduction Task Force,,Budget,2021-09-07,,133.0,133.0,133.0,133.0,133.0,133.0,133.0,8.0
134,03/08/2011,,https://www.budget.senate.gov/hearings/the-report-of-the-national-commission-on-fiscal-responsibility-and-reform,The Report of the National Commission on Fiscal Responsibility and Reform,,Budget,2021-09-07,https://www.budget.senate.gov/hearings/watch?hearingid=1504EB63-303F-459B-9047-7244FBF571F9,134.0,134.0,134.0,134.0,134.0,134.0,134.0,9.0
135,03/03/2011,,https://www.budget.senate.gov/hearings/the-presidents-fy-2012-defense-and-international-affairs-budgets,The President's FY 2012 Defense and International Affairs Budgets,,Budget,2021-09-07,,135.0,135.0,135.0,135.0,135.0,135.0,135.0,10.0
136,03/03/2011,,https://www.budget.senate.gov/hearings/the-presidents-fiscal-year-2012-budget-request-for-the-department-of-transportation,The President’s Fiscal Year 2012 Budget Request for the Department of Transportation,,Budget,2021-09-07,https://www.budget.senate.gov/hearings/watch?hearingid=FCC46447-0DC3-4D17-AF5B-FAA14416E45E,136.0,136.0,136.0,136.0,136.0,136.0,136.0,11.0
137,03/02/2011,,https://www.budget.senate.gov/hearings/2011/03/02/distribution-and-efficiency-of-spending-in-the-tax-code,Distribution and Efficiency of Spending in the Tax Code,,Budget,2021-09-07,,137.0,137.0,137.0,137.0,137.0,137.0,137.0,12.0
138,03/02/2011,,https://www.budget.senate.gov/hearings/the-presidents-fiscal-year-2012-budget-request-for-the-dept-of-energy,The President’s Fiscal Year 2012 Budget Request for the Dept. of Energy,,Budget,2021-09-07,https://www.budget.senate.gov/hearings/watch?hearingid=635038C3-C0D9-418D-A510-1F37456006D3,138.0,138.0,138.0,138.0,138.0,138.0,138.0,13.0
139,03/01/2011,,https://www.budget.senate.gov/hearings/report-of-the-national-commission-on-fiscal-responsibility-and-reform,Report of the National Commission on Fiscal Responsibility and Reform,,Budget,2021-09-07,,139.0,139.0,139.0,139.0,139.0,139.0,139.0,14.0
140,03/01/2011,,https://www.budget.senate.gov/hearings/the-presidents-fiscal-year-2012-education-budget,The President’s Fiscal Year 2012 Education Budget,,Budget,2021-09-07,https://www.budget.senate.gov/hearings/watch?hearingid=11C2E655-A854-48A8-B2A4-9A14704050D2,140.0,140.0,140.0,140.0,140.0,140.0,140.0,15.0
141,02/24/2011,,https://www.budget.senate.gov/hearings/the-presidents-fy-2012-transportation-budget,The President's FY 2012 Transportation Budget,,Budget,2021-09-07,,141.0,141.0,141.0,141.0,141.0,141.0,141.0,16.0
142,02/18/2011,,https://www.budget.senate.gov/hearings/the-presidents-fy-2012-energy-budget,The President's FY 2012 Energy Budget,,Budget,2021-09-07,,142.0,142.0,142.0,142.0,142.0,142.0,142.0,17.0
143,02/17/2011,,https://www.budget.senate.gov/hearings/the-presidents-fy-2012-education-budget,The President's FY 2012 Education Budget,,Budget,2021-09-07,,143.0,143.0,143.0,143.0,143.0,143.0,143.0,18.0
144,02/17/2011,,https://www.budget.senate.gov/hearings/the-presidents-fiscal-year-2012-budget-and-revenue-proposals,The President’s Fiscal Year 2012 Budget and Revenue Proposals,,Budget,2021-09-07,https://www.budget.senate.gov/hearings/watch?hearingid=3843545A-84BC-4527-A800-F09A36B82A64,144.0,144.0,144.0,144.0,144.0,144.0,144.0,19.0
145,02/15/2011,,https://www.budget.senate.gov/hearings/the-presidents-fy-2012-budget-proposal,The President's FY 2012 Budget Proposal,,Budget,2021-09-07,https://www.budget.senate.gov/hearings/watch?hearingid=9562C8F1-CE6E-41AE-87A6-4220DA35D17C,145.0,145.0,145.0,145.0,145.0,145.0,145.0,20.0
146,02/09/2011,,https://www.budget.senate.gov/hearings/the-presidents-fy-2012-budget-and-revenue-proposals,The President's FY 2012 Budget and Revenue Proposals,,Budget,2021-09-07,,146.0,146.0,146.0,146.0,146.0,146.0,146.0,21.0
147,02/09/2011,,https://www.budget.senate.gov/hearings/2011/02/09/the-presidents-fy-2012-budget-proposal,The President's FY 2012 Budget Proposal,,Budget,2021-09-07,,147.0,147.0,147.0,147.0,147.0,147.0,147.0,22.0
148,02/03/2011,,https://www.budget.senate.gov/hearings/challenges-for-the-us-economic-recovery,Challenges for the U.S. Economic Recovery,,Budget,2021-09-07,https://www.budget.senate.gov/hearings/watch?hearingid=A859F225-488E-4193-8C57-0C4B889F284E,148.0,148.0,148.0,148.0,148.0,148.0,148.0,23.0
149,02/02/2011,,https://www.budget.senate.gov/hearings/tax-reform-a-necessary-component-for-restoring-fiscal-responsibility,Tax Reform:  A Necessary Component for Restoring Fiscal Responsibility,,Budget,2021-09-07,https://www.budget.senate.gov/hearings/watch?hearingid=5F5436C6-A085-4DF1-A5F8-426BBCA9077A,149.0,149.0,149.0,149.0,149.0,149.0,149.0,24.0
150,02/01/2011,,https://www.budget.senate.gov/hearings/the-us-economic-outlook,The U.S. Economic Outlook,,Budget,2021-09-07,https://www.budget.senate.gov/hearings/watch?hearingid=F176CB68-1358-43DF-A634-70C0F3897F1F,150.0,150.0,150.0,150.0,150.0,150.0,150.0,0.0
151,01/28/2011,,https://www.budget.senate.gov/hearings/2011/01/28/challenges-for-the-us-economic-recovery,Challenges for the U.S. Economic Recovery,,Budget,2021-09-07,,151.0,151.0,151.0,151.0,151.0,151.0,151.0,1.0
152,01/28/2011,,https://www.budget.senate.gov/hearings/the-budget-and-economic-outlook-fy-2011-2021,The Budget and Economic Outlook: FY 2011-2021,,Budget,2021-09-07,,152.0,152.0,152.0,152.0,152.0,152.0,152.0,2.0
153,01/27/2011,,https://www.budget.senate.gov/hearings/2011/01/27/tax-reform-a-necessary-component-for-restoring-fiscal-responsibility,Tax Reform: A Necessary Component for Restoring Fiscal Responsibility,,Budget,2021-09-07,,153.0,153.0,153.0,153.0,153.0,153.0,153.0,3.0
154,01/27/2011,,https://www.budget.senate.gov/hearings/the-budget-and-economic-outlook-fiscal-years-2011-2021,The Budget and Economic Outlook: Fiscal Years 2011-2021,,Budget,2021-09-07,https://www.budget.senate.gov/hearings/watch?hearingid=0BF423A6-03AD-4763-8823-0EB9BA4CCBB5,154.0,154.0,154.0,154.0,154.0,154.0,154.0,4.0
155,01/27/2011,,https://www.budget.senate.gov/hearings/cbos-budget-and-economic-outlook-fy-2011-2021,CBO's Budget and Economic Outlook: FY 2011-2021 ,,Budget,2021-09-07,,155.0,155.0,155.0,155.0,155.0,155.0,155.0,5.0
156,01/10/2011,,https://www.budget.senate.gov/hearings/mark-up-of-the-concurrent-resolution-on-the-budget-for-fy-2011,Mark up of The Concurrent Resolution on the Budget for FY 2011,,Budget,2021-09-07,,156.0,156.0,156.0,156.0,156.0,156.0,156.0,6.0
157,01/07/2011,,https://www.budget.senate.gov/hearings/the-us-economic-outlook-challenges-for-monetary-and-fiscal-policy,The U.S. Economic Outlook: Challenges for Monetary and Fiscal Policy,,Budget,2021-09-07,,157.0,157.0,157.0,157.0,157.0,157.0,157.0,7.0
158,01/07/2011,,https://www.budget.senate.gov/hearings/2011/05/23/the-budget-and-economic-outlook-fiscal-years-2011-2021,The Budget and Economic Outlook: Fiscal Years 2011-2021,,Budget,2021-09-07,https://www.budget.senate.gov/hearings/watch?hearingid=B4D28446-59F6-49E4-BA15-ECEF17525579,158.0,158.0,158.0,158.0,158.0,158.0,158.0,8.0
159,10/11/2010,,https://www.budget.senate.gov/hearings/field-hearing-writing-the-next-farm-bill,Field Hearing: Writing the Next Farm Bill,,Budget,2021-09-07,,159.0,159.0,159.0,159.0,159.0,159.0,159.0,9.0
160,09/28/2010,,https://www.budget.senate.gov/hearings/outlook-for-the-economy-and-fiscal-policy,Outlook for the Economy and Fiscal Policy,,Budget,2021-09-07,,160.0,160.0,160.0,160.0,160.0,160.0,160.0,10.0
161,09/22/2010,,https://www.budget.senate.gov/hearings/assessing-the-federal-policy-response-to-the-economic-crisis,Assessing the Federal Policy Response to the Economic Crisis,,Budget,2021-09-07,,161.0,161.0,161.0,161.0,161.0,161.0,161.0,11.0
162,09/16/2010,,https://www.budget.senate.gov/hearings/the-nomination-of-the-honorable-jacob-j-lew-of-new-york-to-be-director-of-the-office-of-management-and-budget,"The Nomination of The Honorable Jacob J. Lew, of New York, to be Director of the Office of Management and Budget",,Budget,2021-09-07,,162.0,162.0,162.0,162.0,162.0,162.0,162.0,12.0
163,08/27/2010,,https://www.budget.senate.gov/hearings/field-hearing-devils-lake-basin-flooding-disaster-a-stump-lake-perspective,Field Hearing: Devils Lake Basin Flooding Disaster: A Stump Lake Perspective,,Budget,2021-09-07,,163.0,163.0,163.0,163.0,163.0,163.0,163.0,13.0
164,08/24/2010,,https://www.budget.senate.gov/hearings/field-hearing-transportation-infrastructures-role-in-economic-growth-us-12-and-us-85,Field Hearing: Transportation Infrastructure's Role in Economic Growth: US 12 and US 85,,Budget,2021-09-07,,164.0,164.0,164.0,164.0,164.0,164.0,164.0,14.0
165,08/18/2010,,https://www.budget.senate.gov/hearings/field-hearing-transportation-infrastructures-role-in-economic-growth-nd-13,Field Hearing: Transportation Infrastructure's Role in Economic Growth: ND 13,,Budget,2021-09-07,,165.0,165.0,165.0,165.0,165.0,165.0,165.0,15.0
166,08/17/2010,,https://www.budget.senate.gov/hearings/field-hearing-devils-lake-flooding-disaster-how-should-downstream-impacts-be-addressedd,Field Hearing: Devils Lake Flooding Disaster: How Should Downstream Impacts be Addressed?,,Budget,2021-09-07,,166.0,166.0,166.0,166.0,166.0,166.0,166.0,16.0
167,08/16/2010,,https://www.budget.senate.gov/hearings/field-hearing-devils-lake-flooding-disaster-a-red-river-valley-perspective,Field Hearing: Devils Lake Flooding Disaster: A Red River Valley Perspective,,Budget,2021-09-07,,167.0,167.0,167.0,167.0,167.0,167.0,167.0,17.0
168,08/03/2010,,https://www.budget.senate.gov/hearings/a-status-report-on-the-us-economy,A Status Report on the U.S. Economy,,Budget,2021-09-07,,168.0,168.0,168.0,168.0,168.0,168.0,168.0,18.0
169,07/15/2010,,https://www.budget.senate.gov/hearings/responsible-contracting-modernizing-the-business-of-government,Responsible Contracting: Modernizing the Business of Government,,Budget,2021-09-07,,169.0,169.0,169.0,169.0,169.0,169.0,169.0,19.0
170,07/12/2010,,https://www.budget.senate.gov/hearings/performance-stat-measuring-priorities-progress-and-results,"Performance ""Stat"": Measuring Priorities, Progress and Results",,Budget,2021-09-07,,170.0,170.0,170.0,170.0,170.0,170.0,170.0,20.0
171,07/09/2010,,https://www.budget.senate.gov/hearings/field-hearing-devils-lake-flooding-disaster-a-downstream-perspective,Field Hearing: Devils Lake Flooding Disaster: A Downstream Perspective,,Budget,2021-09-07,,171.0,171.0,171.0,171.0,171.0,171.0,171.0,21.0
172,07/09/2010,,https://www.budget.senate.gov/hearings/field-hearing-transportation-investments-promoting-economic-growth-along-the-us-52-and-us-281-corridors,Field Hearing: Transportation Investments: Promoting Economic Growth Along the US 52 and US 281 Corridors,,Budget,2021-09-07,,172.0,172.0,172.0,172.0,172.0,172.0,172.0,22.0
173,07/08/2010,,https://www.budget.senate.gov/hearings/field-hearing-devils-lake-flooding-disaster-how-should-the-federal-government-respondd,Field Hearing: Devils Lake Flooding Disaster: How Should the Federal Government Respond?,,Budget,2021-09-07,,173.0,173.0,173.0,173.0,173.0,173.0,173.0,23.0
174,07/08/2010,,https://www.budget.senate.gov/hearings/field-hearing-transportation-investments-promoting-economic-growth-and-improving-safety-along-nd-23,Field Hearing: Transportation Investments: Promoting Economic Growth and Improving Safety Along ND 23,,Budget,2021-09-07,,174.0,174.0,174.0,174.0,174.0,174.0,174.0,24.0
175,06/01/2010,,https://www.budget.senate.gov/hearings/field-hearing-infrastructure-investments-promoting-economic-growth-and-improving-safety-along-the-us-85-corridor,Field Hearing: Infrastructure Investments: Promoting Economic Growth and Improving Safety Along the US 85 Corridor,,Budget,2021-09-07,,175.0,175.0,175.0,175.0,175.0,175.0,175.0,0.0
176,06/01/2010,,https://www.budget.senate.gov/hearings/field-hearing-the-energy-industrys-impact-on-housing-in-north-dakota,Field Hearing: The Energy Industry's Impact on Housing in North Dakota,,Budget,2021-09-07,,176.0,176.0,176.0,176.0,176.0,176.0,176.0,1.0
177,04/22/2010,,https://www.budget.senate.gov/hearings/2010/04/22/mark-up-of-the-concurrent-resolution-on-the-budget-for-fy-2011,Mark Up of The Concurrent Resolution on the Budget for FY 2011,,Budget,2021-09-07,,177.0,177.0,177.0,177.0,177.0,177.0,177.0,2.0
178,03/04/2010,,https://www.budget.senate.gov/hearings/department-of-defense-fy-2011-budget-request,Department of Defense FY 2011 Budget Request,,Budget,2021-09-07,,178.0,178.0,178.0,178.0,178.0,178.0,178.0,3.0
179,02/24/2010,,https://www.budget.senate.gov/hearings/the-presidents-fy-2011-budget-for-the-department-of-transportation,The President's FY 2011 Budget for the Department of Transportation,,Budget,2021-09-07,,179.0,179.0,179.0,179.0,179.0,179.0,179.0,4.0
180,02/23/2010,,https://www.budget.senate.gov/hearings/defense-budget-and-war-costs-an-independent-look,Defense Budget and War Costs: An Independent Look,,Budget,2021-09-07,,180.0,180.0,180.0,180.0,180.0,180.0,180.0,5.0
181,02/11/2010,,https://www.budget.senate.gov/hearings/setting-and-meeting-an-appropriate-target-for-fiscal-sustainability,Setting and Meeting an Appropriate Target for Fiscal Sustainability,,Budget,2021-09-07,,181.0,181.0,181.0,181.0,181.0,181.0,181.0,6.0
182,02/09/2010,,https://www.budget.senate.gov/hearings/crisis-and-aftermath-the-economic-outlook-and-risks-for-the-federal-budget-and-debt,Crisis and Aftermath: The Economic Outlook and Risks for the Federal Budget and Debt,,Budget,2021-09-07,,182.0,182.0,182.0,182.0,182.0,182.0,182.0,7.0
183,02/04/2010,,https://www.budget.senate.gov/hearings/the-presidents-fy-2011-budget-and-revenue-proposals,The President's FY 2011 Budget and Revenue Proposals,,Budget,2021-09-07,,183.0,183.0,183.0,183.0,183.0,183.0,183.0,8.0
184,02/02/2010,,https://www.budget.senate.gov/hearings/the-presidents-fiscal-year-2011-budget-proposal,The President's Fiscal Year 2011 Budget Proposal,,Budget,2021-09-07,,184.0,184.0,184.0,184.0,184.0,184.0,184.0,9.0
185,01/28/2010,,https://www.budget.senate.gov/hearings/the-budget-and-economic-outlook-fiscal-years-2011-2020,The Budget and Economic Outlook: Fiscal Years 2011-2020,,Budget,2021-09-07,,185.0,185.0,185.0,185.0,185.0,185.0,185.0,10.0
186,12/10/2009,,https://www.budget.senate.gov/hearings/data-driven-performance-using-technology-to-deliver-results,Data-Driven Performance: Using Technology to Deliver Results,,Budget,2021-09-07,,186.0,186.0,186.0,186.0,186.0,186.0,186.0,11.0
187,11/13/2009,,https://www.budget.senate.gov/hearings/field-hearing-creating-jobs-and-growing-the-economy-in-griggs-county,Field Hearing: Creating Jobs and Growing the Economy in Griggs County,,Budget,2021-09-07,,187.0,187.0,187.0,187.0,187.0,187.0,187.0,12.0
188,11/12/2009,,https://www.budget.senate.gov/hearings/field-hearing-infrastructure-investment-creating-jobs-and-fueling-economic-growth,Field Hearing: Infrastructure Investment: Creating Jobs and Fueling Economic Growth,,Budget,2021-09-07,,188.0,188.0,188.0,188.0,188.0,188.0,188.0,13.0
189,11/10/2009,,https://www.budget.senate.gov/hearings/bipartisan-process-proposals-for-long-term-fiscal-stability,Bipartisan Process Proposals for Long-Term Fiscal Stability,,Budget,2021-09-07,,189.0,189.0,189.0,189.0,189.0,189.0,189.0,14.0
190,10/29/2009,,https://www.budget.senate.gov/hearings/performance-informed-budgeting-opportunities-to-reduce-cost-and-improve-service,Performance-Informed Budgeting: Opportunities to Reduce Cost and Improve Service,,Budget,2021-09-07,,190.0,190.0,190.0,190.0,190.0,190.0,190.0,15.0
191,07/16/2009,,https://www.budget.senate.gov/hearings/the-long-term-budget-outlook,The Long-Term Budget Outlook,,Budget,2021-09-07,,191.0,191.0,191.0,191.0,191.0,191.0,191.0,16.0
192,07/02/2009,,https://www.budget.senate.gov/hearings/field-hearing-how-infrastructure-investments-can-foster-economic-development-and-agriculture-economies-us-52,Field Hearing: How Infrastructure Investments Can Foster Economic Development and Agriculture Economies: US 52,,Budget,2021-09-07,,192.0,192.0,192.0,192.0,192.0,192.0,192.0,17.0
193,05/28/2009,,https://www.budget.senate.gov/hearings/field-hearing-how-infrastructure-investments-can-bolster-north-dakotas-energy-and-agriculture-economies-the-us-85-corridor,Field Hearing: How Infrastructure Investments Can Bolster North Dakota's Energy and Agriculture Economies: The US 85 Corridor,,Budget,2021-09-07,,193.0,193.0,193.0,193.0,193.0,193.0,193.0,18.0
194,05/28/2009,,https://www.budget.senate.gov/hearings/2009/05/28/field-hearing-how-infrastructure-investments-can-bolster-north-dakotas-energy-and-agriculture-economies-the-us-85-corridor,Field Hearing: How Infrastructure Investments Can Bolster North Dakota's Energy and Agriculture Economies: The US 85 Corridor,,Budget,2021-09-07,,194.0,194.0,194.0,194.0,194.0,194.0,194.0,19.0
195,04/27/2009,,https://www.budget.senate.gov/hearings/meeting-of-the-conferees-on-the-fy-2010-budget-resolution,Meeting of the Conferees on the FY 2010 Budget Resolution,,Budget,2021-09-07,,195.0,195.0,195.0,195.0,195.0,195.0,195.0,20.0
196,03/25/2009,,https://www.budget.senate.gov/hearings/mark-up-of-the-concurrent-resolution-on-the-budget-for-fy-2010,Mark Up of the Concurrent Resolution on the Budget for FY 2010,,Budget,2021-09-07,,196.0,196.0,196.0,196.0,196.0,196.0,196.0,21.0
197,03/12/2009,,https://www.budget.senate.gov/hearings/the-presidents-fy2010-budget-and-revenue-proposals,The President's FY2010 Budget and Revenue Proposals,,Budget,2021-09-07,,197.0,197.0,197.0,197.0,197.0,197.0,197.0,22.0
198,03/11/2009,,https://www.budget.senate.gov/hearings/the-presidents-fy2010-budget-for-the-department-of-energy,The President's FY2010 Budget for the Department of Energy,,Budget,2021-09-07,,198.0,198.0,198.0,198.0,198.0,198.0,198.0,23.0
199,03/10/2009,,https://www.budget.senate.gov/hearings/the-presidents-fiscal-year-2010-budget-proposal,The President's Fiscal Year 2010 Budget Proposal,,Budget,2021-09-07,,199.0,199.0,199.0,199.0,199.0,199.0,199.0,24.0
200,03/03/2009,,https://www.budget.senate.gov/hearings/economic-and-budget-challenges-for-the-short-and-long-term,Economic and Budget Challenges for the Short and Long Term,,Budget,2021-09-07,,200.0,200.0,200.0,200.0,200.0,200.0,200.0,0.0
201,02/12/2009,,https://www.budget.senate.gov/hearings/senate-procedures-for-consideration-of-the-budget-resolution/reconciliation,Senate Procedures for Consideration of the Budget Resolution/Reconciliation,,Budget,2021-09-07,,201.0,201.0,201.0,201.0,201.0,201.0,201.0,1.0
202,02/11/2009,,https://www.budget.senate.gov/hearings/policies-to-address-the-crises-in-financial-and-housing-markets,Policies to Address the Crises in Financial and Housing Markets,,Budget,2021-09-07,,202.0,202.0,202.0,202.0,202.0,202.0,202.0,2.0
203,02/10/2009,,https://www.budget.senate.gov/hearings/key-issues-and-budget-options-for-health-reform,Key Issues and Budget Options for Health Reform,,Budget,2021-09-07,,203.0,203.0,203.0,203.0,203.0,203.0,203.0,3.0
204,01/29/2009,,https://www.budget.senate.gov/hearings/the-global-economy-outlook-risks-and-implications-for-policy,"The Global Economy: Outlook, Risks, and Implications for Policy",,Budget,2021-09-07,,204.0,204.0,204.0,204.0,204.0,204.0,204.0,4.0
205,01/28/2009,,https://www.budget.senate.gov/hearings/federal-response-to-the-housing-and-financial-crisis,Federal Response to the Housing and Financial Crisis,,Budget,2021-09-07,,205.0,205.0,205.0,205.0,205.0,205.0,205.0,5.0
206,01/21/2009,,https://www.budget.senate.gov/hearings/addressing-short-and-long-term-fiscal-challenges,Addressing Short- and Long-Term Fiscal Challenges,,Budget,2021-09-07,,206.0,206.0,206.0,206.0,206.0,206.0,206.0,6.0
207,01/15/2009,,https://www.budget.senate.gov/hearings/the-debt-outlook-and-its-implications-for-policy,The Debt Outlook and its Implications for Policy,,Budget,2021-09-07,,207.0,207.0,207.0,207.0,207.0,207.0,207.0,7.0
208,01/13/2009,,https://www.budget.senate.gov/hearings/the-nomination-of-dr-peter-r-orszag-to-be-director-of-the-office-of-management-and-budget-and-the-nomination-of-robert-l-nabors-ii-to-be-deputy-director-of-the-office-of-management-and-budget,The Nomination of Dr. Peter R. Orszag to be Director of the Office of Management and Budget and The Nomination of Robert L. Nabors II to be Deputy Director of the Office of Management and Budget,,Budget,2021-09-07,,208.0,208.0,208.0,208.0,208.0,208.0,208.0,8.0
209,01/08/2009,,https://www.budget.senate.gov/hearings/the-cbo-budget-and-economic-outlook,The CBO Budget and Economic Outlook,,Budget,2021-09-07,,209.0,209.0,209.0,209.0,209.0,209.0,209.0,9.0
210,11/19/2008,,https://www.budget.senate.gov/hearings/the-economic-outlook-and-options-for-stimulus,The Economic Outlook and Options for Stimulus,,Budget,2021-09-07,,210.0,210.0,210.0,210.0,210.0,210.0,210.0,10.0
211,07/02/2008,,https://www.budget.senate.gov/hearings/fueling-americas-future-exploring-our-nations-energy-options,Fueling America's Future: Exploring Our Nation's Energy Options,,Budget,2021-09-07,,211.0,211.0,211.0,211.0,211.0,211.0,211.0,11.0
212,05/20/2008,,https://www.budget.senate.gov/hearings/meeting-of-the-conference-on-the-disagreeing-votes-of-the-house-and-senate-on-the-amendment-of-the-house-to-the-concurrent-resolution-s-con-res-70-setting-forth-the-congressional-budget-for-the-united-states-government-for-fiscal-year-2009-and-including-the-appropriate-budgetary-levels-for-fi,"Meeting of the conference on the disagreeing votes of the House and Senate on the amendment of the House to the concurrent resolution (S. Con. Res. 70), setting forth the congressional budget for the United States Government for fiscal year 2009 and including the appropriate budgetary levels for fi",,Budget,2021-09-07,,212.0,212.0,212.0,212.0,212.0,212.0,212.0,12.0
213,03/28/2008,,https://www.budget.senate.gov/hearings/veterans-a-budget-priority,Veterans: A Budget Priority,,Budget,2021-09-07,,213.0,213.0,213.0,213.0,213.0,213.0,213.0,13.0
214,03/27/2008,,https://www.budget.senate.gov/hearings/the-senate-budget-a-crucial-infrastructure-investment,The Senate Budget: A Crucial Infrastructure Investment,,Budget,2021-09-07,,214.0,214.0,214.0,214.0,214.0,214.0,214.0,14.0
215,03/26/2008,,https://www.budget.senate.gov/hearings/the-federal-role-in-protecting-our-communities-funding-first-responders,The Federal Role in Protecting Our Communities: Funding First Responders,,Budget,2021-09-07,,215.0,215.0,215.0,215.0,215.0,215.0,215.0,15.0
216,03/06/2008,,https://www.budget.senate.gov/hearings/markup-of-the-concurrent-resolution-on-the-budget-for-fy-2009,Markup of the Concurrent Resolution on the Budget for FY 2009,,Budget,2021-09-07,,216.0,216.0,216.0,216.0,216.0,216.0,216.0,16.0
217,03/05/2008,,https://www.budget.senate.gov/hearings/2008/03/05/markup-of-the-concurrent-resolution-on-the-budget-for-fy-2009,Markup of the Concurrent Resolution on the Budget for FY 2009,,Budget,2021-09-07,,217.0,217.0,217.0,217.0,217.0,217.0,217.0,17.0
218,02/14/2008,,https://www.budget.senate.gov/hearings/health-care-and-the-budget-information-technology-and-health-care-reform,Health Care and the Budget: Information Technology and Health Care Reform,,Budget,2021-09-07,,218.0,218.0,218.0,218.0,218.0,218.0,218.0,18.0
219,02/12/2008,,https://www.budget.senate.gov/hearings/fiscal-year-2009-defense-budget-and-war-costs,Fiscal Year 2009 Defense Budget and War Costs,,Budget,2021-09-07,,219.0,219.0,219.0,219.0,219.0,219.0,219.0,19.0
220,02/06/2008,,https://www.budget.senate.gov/hearings/the-presidents-fiscal-year-2009-budget-and-revenue-proposals,The President's Fiscal Year 2009 Budget and Revenue Proposals,,Budget,2021-09-07,,220.0,220.0,220.0,220.0,220.0,220.0,220.0,20.0
221,02/05/2008,,https://www.budget.senate.gov/hearings/the-presidents-fiscal-year-2009-budget-proposal,The President's Fiscal Year 2009 Budget Proposal,,Budget,2021-09-07,,221.0,221.0,221.0,221.0,221.0,221.0,221.0,21.0
222,01/31/2008,,https://www.budget.senate.gov/hearings/the-long-term-outlook-and-sources-of-growth-in-health-care-spending,The Long-Term Outlook and Sources of Growth in Health Care Spending,,Budget,2021-09-07,,222.0,222.0,222.0,222.0,222.0,222.0,222.0,22.0
223,01/30/2008,,https://www.budget.senate.gov/hearings/economic-stimulus-budget-policy-for-a-strong-economy-over-the-short-and-long-term,Economic Stimulus: Budget Policy for a Strong Economy Over the Short- and Long-Term,,Budget,2021-09-07,,223.0,223.0,223.0,223.0,223.0,223.0,223.0,23.0
224,01/29/2008,,https://www.budget.senate.gov/hearings/2008/01/29/the-long-term-budget-outlook,The Long-Term Budget Outlook,,Budget,2021-09-07,,224.0,224.0,224.0,224.0,224.0,224.0,224.0,24.0
225,01/24/2008,,https://www.budget.senate.gov/hearings/2008/01/24/the-cbo-budget-and-economic-outlook,The CBO Budget and Economic Outlook,,Budget,2021-09-07,,225.0,225.0,225.0,225.0,225.0,225.0,225.0,0.0
226,10/31/2007,,https://www.budget.senate.gov/hearings/s-2063-the-bipartisan-task-force-for-responsible-fiscal-action-act-of-2007,"S. 2063, The Bipartisan Task Force for Responsible Fiscal Action Act of 2007",,Budget,2021-09-07,,226.0,226.0,226.0,226.0,226.0,226.0,226.0,1.0
227,09/11/2007,,https://www.budget.senate.gov/hearings/health-care-and-the-budget-options-for-achieving-universal-health-coverage,Health Care and the Budget: Options for Achieving Universal Health Coverage,,Budget,2021-09-07,,227.0,227.0,227.0,227.0,227.0,227.0,227.0,2.0
228,08/07/2007,,https://www.budget.senate.gov/hearings/an-examination-of-health-care-costs-challenges-and-options-for-reform,An Examination of Health Care Costs: Challenges and Options for Reform,,Budget,2021-09-07,,228.0,228.0,228.0,228.0,228.0,228.0,228.0,3.0
229,07/26/2007,,https://www.budget.senate.gov/hearings/nomination-of-the-hon-jim-nussle-to-be-director-of-omb,Nomination of The Hon. Jim Nussle to be Director of OMB,,Budget,2021-09-07,,229.0,229.0,229.0,229.0,229.0,229.0,229.0,4.0
230,06/26/2007,,https://www.budget.senate.gov/hearings/health-care-and-the-budget-the-healthy-americans-act-and-other-options-for-reform,Health Care and the Budget: The Healthy Americans Act and Other Options for Reform,,Budget,2021-09-07,,230.0,230.0,230.0,230.0,230.0,230.0,230.0,5.0
231,06/21/2007,,https://www.budget.senate.gov/hearings/health-care-and-the-budget-issues-and-challenges-for-reform,Health Care and the Budget: Issues and Challenges for Reform,,Budget,2021-09-07,,231.0,231.0,231.0,231.0,231.0,231.0,231.0,6.0
232,03/15/2007,,https://www.budget.senate.gov/hearings/markup-of-the-concurrent-resolution-on-the-budget-for-fy-2008,Markup of the Concurrent Resolution on the Budget for FY 2008,,Budget,2021-09-07,,232.0,232.0,232.0,232.0,232.0,232.0,232.0,7.0
233,03/14/2007,,https://www.budget.senate.gov/hearings/2007/03/14/markup-of-the-concurrent-resolution-on-the-budget-for-fy-2008,Markup of the Concurrent Resolution on the Budget for FY 2008,,Budget,2021-09-07,,233.0,233.0,233.0,233.0,233.0,233.0,233.0,8.0
234,03/01/2007,,https://www.budget.senate.gov/hearings/the-presidents-defense-budget-request-for-fiscal-year-2008-and-war-costs,The President's Defense Budget Request for Fiscal Year 2008 and War Costs,,Budget,2021-09-07,,234.0,234.0,234.0,234.0,234.0,234.0,234.0,9.0
235,02/20/2007,,https://www.budget.senate.gov/hearings/the-impact-of-federal-funding-on-law-enforcement-and-first-responders,The Impact of Federal Funding on Law Enforcement and First Responders,,Budget,2021-09-07,,235.0,235.0,235.0,235.0,235.0,235.0,235.0,10.0
236,02/14/2007,,https://www.budget.senate.gov/hearings/the-presidents-fiscal-year-2008-budget-proposals-on-tax-compliance,The President's Fiscal Year 2008 Budget Proposals on Tax Compliance,,Budget,2021-09-07,,236.0,236.0,236.0,236.0,236.0,236.0,236.0,11.0
237,02/13/2007,,https://www.budget.senate.gov/hearings/the-presidents-fiscal-year-2008-budgetary-proposals-for-the-department-of-health-and-human-services,The President's Fiscal Year 2008 Budgetary Proposals for the Department of Health and Human Services,,Budget,2021-09-07,,237.0,237.0,237.0,237.0,237.0,237.0,237.0,12.0
238,02/08/2007,,https://www.budget.senate.gov/hearings/the-presidents-fiscal-year-2008-budget-and-revenue-proposals,The President's Fiscal Year 2008 Budget and Revenue Proposals,,Budget,2021-09-07,,238.0,238.0,238.0,238.0,238.0,238.0,238.0,13.0
239,02/07/2007,,https://www.budget.senate.gov/hearings/the-presidents-fiscal-year-2008-budget-proposal,The President's Fiscal Year 2008 Budget Proposal,,Budget,2021-09-07,,239.0,239.0,239.0,239.0,239.0,239.0,239.0,14.0
240,02/06/2007,,https://www.budget.senate.gov/hearings/war-costs,War Costs,,Budget,2021-09-07,,240.0,240.0,240.0,240.0,240.0,240.0,240.0,15.0
241,02/01/2007,,https://www.budget.senate.gov/hearings/the-current-account-deficit-and-the-us-foreign-debt,The Current Account Deficit and the U.S. Foreign Debt,,Budget,2021-09-07,,241.0,241.0,241.0,241.0,241.0,241.0,241.0,16.0
242,01/31/2007,,https://www.budget.senate.gov/hearings/exploring-solutions-to-our-long-term-fiscal-challenges,Exploring Solutions to Our Long-Term Fiscal Challenges,,Budget,2021-09-07,,242.0,242.0,242.0,242.0,242.0,242.0,242.0,17.0
243,01/30/2007,,https://www.budget.senate.gov/hearings/defining-our-long-term-fiscal-challenges,Defining Our Long-Term Fiscal Challenges,,Budget,2021-09-07,,243.0,243.0,243.0,243.0,243.0,243.0,243.0,18.0
244,01/25/2007,,https://www.budget.senate.gov/hearings/2007/01/25/the-cbo-budget-and-economic-outlook,The CBO Budget and Economic Outlook,,Budget,2021-09-07,,244.0,244.0,244.0,244.0,244.0,244.0,244.0,19.0
245,01/23/2007,,https://www.budget.senate.gov/hearings/the-growing-tax-gap-and-strategies-for-reducing-it,The Growing Tax Gap and Strategies for Reducing It,,Budget,2021-09-07,,245.0,245.0,245.0,245.0,245.0,245.0,245.0,20.0
246,01/18/2007,,https://www.budget.senate.gov/hearings/long-term-economic-and-budget-challenges,Long-Term Economic and Budget Challenges,,Budget,2021-09-07,,246.0,246.0,246.0,246.0,246.0,246.0,246.0,21.0
247,01/11/2007,,https://www.budget.senate.gov/hearings/2007/01/11/the-long-term-budget-outlook,The Long-Term Budget Outlook,,Budget,2021-09-07,,247.0,247.0,247.0,247.0,247.0,247.0,247.0,22.0
248,09/28/2006,,https://www.budget.senate.gov/hearings/state-of-the-economy-and-budget,State of the Economy and Budget,,Budget,2021-09-07,,248.0,248.0,248.0,248.0,248.0,248.0,248.0,23.0
249,07/13/2006,,https://www.budget.senate.gov/hearings/nomination-of-stephen-s-mcmillin-to-be-deputy-director-of-omb,Nomination of Stephen S. McMillin to be Deputy Director of OMB,,Budget,2021-09-07,,249.0,249.0,249.0,249.0,249.0,249.0,249.0,24.0
250,06/20/2006,,https://www.budget.senate.gov/hearings/markup-of-s-3521-line-item-veto-bill,"Markup of S. 3521, Line Item Veto bill",,Budget,2021-09-07,,250.0,250.0,250.0,250.0,250.0,250.0,250.0,0.0
251,06/02/2006,,https://www.budget.senate.gov/hearings/the-impact-of-federal-funding-on-higher-education,The Impact of Federal Funding on Higher Education,,Budget,2021-09-07,,251.0,251.0,251.0,251.0,251.0,251.0,251.0,1.0
252,06/01/2006,,https://www.budget.senate.gov/hearings/budget-implications-of-meeting-veterans-health-care-needs,Budget Implications of Meeting Veterans' Health Care Needs,,Budget,2021-09-07,,252.0,252.0,252.0,252.0,252.0,252.0,252.0,2.0
253,05/11/2006,,https://www.budget.senate.gov/hearings/nomination-of-the-hon-robert-j-portman-to-be-director-of-omb,Nomination of The Hon. Robert J. Portman to be Director of OMB,,Budget,2021-09-07,,253.0,253.0,253.0,253.0,253.0,253.0,253.0,3.0
254,05/02/2006,,https://www.budget.senate.gov/hearings/s-2381-line-item-rescission-authority,"S. 2381, Line Item Rescission Authority",,Budget,2021-09-07,,254.0,254.0,254.0,254.0,254.0,254.0,254.0,4.0
255,03/09/2006,,https://www.budget.senate.gov/hearings/markup-of-the-concurrent-resolution-on-the-budget-for-fy-2007,Markup of the Concurrent Resolution on the Budget for FY 2007,,Budget,2021-09-07,,255.0,255.0,255.0,255.0,255.0,255.0,255.0,5.0
256,03/08/2006,,https://www.budget.senate.gov/hearings/2006/03/08/markup-of-the-concurrent-resolution-on-the-budget-for-fy-2007,Markup of the Concurrent Resolution on the Budget for FY 2007,,Budget,2021-09-07,,256.0,256.0,256.0,256.0,256.0,256.0,256.0,6.0
257,03/02/2006,,https://www.budget.senate.gov/hearings/the-presidents-fiscal-year-2007-budget-proposal,The President's Fiscal Year 2007 Budget Proposal,,Budget,2021-09-07,,257.0,257.0,257.0,257.0,257.0,257.0,257.0,7.0
258,03/01/2006,,https://www.budget.senate.gov/hearings/the-presidents-budgetary-proposals-for-the-department-of-health-and-human-services,The President's Budgetary Proposals for the Department of Health and Human Services,,Budget,2021-09-07,,258.0,258.0,258.0,258.0,258.0,258.0,258.0,8.0
259,02/16/2006,,https://www.budget.senate.gov/hearings/2006/02/16/the-presidents-fiscal-year-2007-budget-proposal,The President's Fiscal Year 2007 Budget Proposal,,Budget,2021-09-07,,259.0,259.0,259.0,259.0,259.0,259.0,259.0,9.0
260,02/15/2006,,https://www.budget.senate.gov/hearings/understanding-the-causes-of-and-solutions-to-addressing-the-federal-tax-gap,Understanding the Causes of and Solutions to Addressing the Federal Tax Gap,,Budget,2021-09-07,,260.0,260.0,260.0,260.0,260.0,260.0,260.0,10.0
261,02/14/2006,,https://www.budget.senate.gov/hearings/the-presidents-fiscal-year-2007-budget-proposal-cancelled,The President's Fiscal Year 2007 Budget Proposal (CANCELLED),,Budget,2021-09-07,,261.0,261.0,261.0,261.0,261.0,261.0,261.0,11.0
262,02/07/2006,,https://www.budget.senate.gov/hearings/2006/02/07/the-presidents-fiscal-year-2007-budget-proposal,The President's Fiscal Year 2007 Budget Proposal,,Budget,2021-09-07,,262.0,262.0,262.0,262.0,262.0,262.0,262.0,12.0
263,02/02/2006,,https://www.budget.senate.gov/hearings/2006/02/02/the-cbo-budget-and-economic-outlook,The CBO Budget and Economic Outlook,,Budget,2021-09-07,,263.0,263.0,263.0,263.0,263.0,263.0,263.0,13.0
264,10/26/2005,,https://www.budget.senate.gov/hearings/mark-up-of-the-omnibus-reconciliation-act-of-2005,Mark-up of the Omnibus Reconciliation Act of 2005,,Budget,2021-09-07,,264.0,264.0,264.0,264.0,264.0,264.0,264.0,14.0
265,07/20/2005,,https://www.budget.senate.gov/hearings/health-information-technology-the-federal-role-and-budget-implications,Health Information Technology: The Federal Role and Budget Implications,,Budget,2021-09-07,,265.0,265.0,265.0,265.0,265.0,265.0,265.0,15.0
266,06/15/2005,,https://www.budget.senate.gov/hearings/solvency-of-the-pension-benefit-guaranty-corp-current-financial-condition-and-potential-risks,Solvency of the Pension Benefit Guaranty Corp. – Current Financial Condition and Potential Risks,,Budget,2021-09-07,,266.0,266.0,266.0,266.0,266.0,266.0,266.0,16.0
267,04/21/2005,,https://www.budget.senate.gov/hearings/structural-deficits-and-budget-process-reform,Structural Deficits and Budget Process Reform,,Budget,2021-09-07,,267.0,267.0,267.0,267.0,267.0,267.0,267.0,17.0
268,03/23/2005,,https://www.budget.senate.gov/hearings/the-future-of-social-security,The Future of Social Security,,Budget,2021-09-07,,268.0,268.0,268.0,268.0,268.0,268.0,268.0,18.0
269,03/10/2005,,https://www.budget.senate.gov/hearings/mark-up-of-the-concurrent-resolution-on-the-budget-for-fy-2006,Mark-up of the Concurrent Resolution on the Budget for FY 2006,,Budget,2021-09-07,,269.0,269.0,269.0,269.0,269.0,269.0,269.0,19.0
270,03/09/2005,,https://www.budget.senate.gov/hearings/2005/03/09/mark-up-of-the-concurrent-resolution-on-the-budget-for-fy-2006,Mark-up of the Concurrent Resolution on the Budget for FY 2006,,Budget,2021-09-07,,270.0,270.0,270.0,270.0,270.0,270.0,270.0,20.0
271,03/01/2005,,https://www.budget.senate.gov/hearings/the-presidents-fiscal-year-2006-defense-budget,The President's Fiscal Year 2006 Defense Budget,,Budget,2021-09-07,,271.0,271.0,271.0,271.0,271.0,271.0,271.0,21.0
272,02/17/2005,,https://www.budget.senate.gov/hearings/medicare-and-medicaid-rising-health-care-costs-and-the-impact-on-future-generations,Medicare and Medicaid: Rising Health Care Costs and the Impact on Future Generations,,Budget,2021-09-07,,272.0,272.0,272.0,272.0,272.0,272.0,272.0,22.0
273,02/16/2005,,https://www.budget.senate.gov/hearings/transparency-of-budget-measures,Transparency of Budget Measures,,Budget,2021-09-07,,273.0,273.0,273.0,273.0,273.0,273.0,273.0,23.0
274,02/10/2005,,https://www.budget.senate.gov/hearings/the-presidents-fiscal-year-2006-budget-proposal,The President's Fiscal Year 2006 Budget Proposal,,Budget,2021-09-07,,274.0,274.0,274.0,274.0,274.0,274.0,274.0,24.0
275,02/09/2005,,https://www.budget.senate.gov/hearings/2005/02/09/the-presidents-fiscal-year-2006-budget-proposal,The President's Fiscal Year 2006 Budget Proposal,,Budget,2021-09-07,,275.0,275.0,275.0,275.0,275.0,275.0,275.0,0.0
276,02/08/2005,,https://www.budget.senate.gov/hearings/reexamining-the-federal-budget-for-the-21st-century,Reexamining the Federal Budget for the 21st Century,,Budget,2021-09-07,,276.0,276.0,276.0,276.0,276.0,276.0,276.0,1.0
277,02/01/2005,,https://www.budget.senate.gov/hearings/cbo-budget-and-economic-outlook,CBO Budget and Economic Outlook,,Budget,2021-09-07,,277.0,277.0,277.0,277.0,277.0,277.0,277.0,2.0
278,03/31/2004,,https://www.budget.senate.gov/hearings/house-senate-conference-on-the-budget-resolution,House-Senate Conference on the Budget Resolution,,Budget,2021-09-07,,278.0,278.0,278.0,278.0,278.0,278.0,278.0,3.0
279,03/04/2004,,https://www.budget.senate.gov/hearings/mark-up-of-the-concurrent-resolution-on-the-budget-for-fy-2005,Mark-up of the Concurrent Resolution on the Budget for FY 2005,,Budget,2021-09-07,,279.0,279.0,279.0,279.0,279.0,279.0,279.0,4.0
280,03/03/2004,,https://www.budget.senate.gov/hearings/2004/03/03/mark-up-of-the-concurrent-resolution-on-the-budget-for-fy-2005,Mark-up of the Concurrent Resolution on the Budget for FY 2005,,Budget,2021-09-07,,280.0,280.0,280.0,280.0,280.0,280.0,280.0,5.0
281,02/26/2004,,https://www.budget.senate.gov/hearings/the-presidents-international-affairs-budget,The President's International Affairs Budget,,Budget,2021-09-07,,281.0,281.0,281.0,281.0,281.0,281.0,281.0,6.0
282,02/25/2004,,https://www.budget.senate.gov/hearings/the-presidents-homeland-security-budget,The President's Homeland Security Budget,,Budget,2021-09-07,,282.0,282.0,282.0,282.0,282.0,282.0,282.0,7.0
283,02/13/2004,,https://www.budget.senate.gov/hearings/rescheduled-the-presidents-fy-2005-budget-proposals,RESCHEDULED: The President's FY 2005 Budget Proposals,,Budget,2021-09-07,,283.0,283.0,283.0,283.0,283.0,283.0,283.0,8.0
284,02/12/2004,,https://www.budget.senate.gov/hearings/the-presidents-fy-2005-budget-proposals,The President's FY 2005 Budget Proposals,,Budget,2021-09-07,,284.0,284.0,284.0,284.0,284.0,284.0,284.0,9.0
285,02/03/2004,,https://www.budget.senate.gov/hearings/2004/02/03/the-presidents-fy-2005-budget-proposals,The President's FY 2005 Budget Proposals,,Budget,2021-09-07,,285.0,285.0,285.0,285.0,285.0,285.0,285.0,10.0
286,01/27/2004,,https://www.budget.senate.gov/hearings/2004/01/27/cbo-budget-and-economic-outlook,CBO Budget and Economic Outlook,,Budget,2021-09-07,,286.0,286.0,286.0,286.0,286.0,286.0,286.0,11.0
287,01/09/2004,,https://www.budget.senate.gov/hearings/mad-cow-disease-industry-impact-and-us-government-response,Mad Cow Disease - Industry Impact and U.S. Government Response,,Budget,2021-09-07,,287.0,287.0,287.0,287.0,287.0,287.0,287.0,12.0
288,09/03/2003,,https://www.budget.senate.gov/hearings/cbo-budget-and-economic-outlook-an-update,CBO Budget & Economic Outlook - An Update,,Budget,2021-09-07,,288.0,288.0,288.0,288.0,288.0,288.0,288.0,13.0
289,05/28/2003,,https://www.budget.senate.gov/hearings/medicare-payment-policy-challenges,Medicare Payment Policy Challenges,,Budget,2021-09-07,,289.0,289.0,289.0,289.0,289.0,289.0,289.0,14.0
290,04/24/2003,,https://www.budget.senate.gov/hearings/homeland-security-challenges,Homeland Security Challenges,,Budget,2021-09-07,,290.0,290.0,290.0,290.0,290.0,290.0,290.0,15.0
291,03/13/2003,,https://www.budget.senate.gov/hearings/mark-up-of-the-concurrent-resolution-on-the-budget-for-fy-2004,Mark-Up of the Concurrent Resolution on the Budget for FY 2004,,Budget,2021-09-07,,291.0,291.0,291.0,291.0,291.0,291.0,291.0,16.0
292,03/12/2003,,https://www.budget.senate.gov/hearings/2003/03/12/mark-up-of-the-concurrent-resolution-on-the-budget-for-fy-2004,Mark-Up of the Concurrent Resolution on the Budget for FY 2004,,Budget,2021-09-07,,292.0,292.0,292.0,292.0,292.0,292.0,292.0,17.0
293,02/26/2003,,https://www.budget.senate.gov/hearings/the-presidents-budget-proposal-for-medicare-and-medicaid,The President's Budget Proposal for Medicare and Medicaid,,Budget,2021-09-07,,293.0,293.0,293.0,293.0,293.0,293.0,293.0,18.0
294,02/13/2003,,https://www.budget.senate.gov/hearings/department-of-transportation-budget-proposals,Department of Transportation Budget Proposals,,Budget,2021-09-07,,294.0,294.0,294.0,294.0,294.0,294.0,294.0,19.0
295,02/11/2003,,https://www.budget.senate.gov/hearings/2003/02/11/the-presidents-international-affairs-budget,The President's International Affairs Budget,,Budget,2021-09-07,,295.0,295.0,295.0,295.0,295.0,295.0,295.0,20.0
296,02/05/2003,,https://www.budget.senate.gov/hearings/the-presidents-fy-2004-budget-proposals,The President's FY 2004 Budget Proposals,,Budget,2021-09-07,,296.0,296.0,296.0,296.0,296.0,296.0,296.0,21.0
297,02/04/2003,,https://www.budget.senate.gov/hearings/the-presidents-fy-2004-budget,The President's FY 2004 Budget,,Budget,2021-09-07,,297.0,297.0,297.0,297.0,297.0,297.0,297.0,22.0
298,01/30/2003,,https://www.budget.senate.gov/hearings/the-budget-and-economic-outlook,The Budget and Economic Outlook,,Budget,2021-09-07,,298.0,298.0,298.0,298.0,298.0,298.0,298.0,23.0
299,01/29/2003,,https://www.budget.senate.gov/hearings/the-state-of-the-economy,The State of the Economy,,Budget,2021-09-07,,299.0,299.0,299.0,299.0,299.0,299.0,299.0,24.0
300,03/21/2002,,https://www.budget.senate.gov/hearings/mark-up-of-the-concurrent-resolution-on-the-budget-for-fy-2003-day-2-morning,Mark-Up of the Concurrent Resolution on the Budget for FY 2003- Day 2: Morning,,Budget,2021-09-07,,300.0,300.0,300.0,300.0,300.0,300.0,300.0,0.0
301,03/21/2002,,https://www.budget.senate.gov/hearings/mark-up-of-the-concurrent-resolution-on-the-budget-for-fy-2003-day-2-afternoon,Mark-Up of the Concurrent Resolution on the Budget for FY 2003 - Day 2: Afternoon,,Budget,2021-09-07,,301.0,301.0,301.0,301.0,301.0,301.0,301.0,1.0
302,03/20/2002,,https://www.budget.senate.gov/hearings/mark-up-of-the-concurrent-resolution-on-the-budget-for-fy-2003-day-1-morning,Mark-Up of the Concurrent Resolution on the Budget for FY 2003 - Day 1: Morning,,Budget,2021-09-07,,302.0,302.0,302.0,302.0,302.0,302.0,302.0,2.0
303,03/06/2002,,https://www.budget.senate.gov/hearings/cbos-analysis-of-the-presidents-proposals-for-fiscal-year-2003,CBO's Analysis of the President's Proposals for Fiscal Year 2003,,Budget,2021-09-07,,303.0,303.0,303.0,303.0,303.0,303.0,303.0,3.0
304,02/28/2002,,https://www.budget.senate.gov/hearings/the-presidents-fy-2003-defense-request-winning-the-war-transformation-and-reform-issues,"The President's FY 2003 Defense Request: Winning the War, Transformation, and Reform Issues",,Budget,2021-09-07,,304.0,304.0,304.0,304.0,304.0,304.0,304.0,4.0
305,02/27/2002,,https://www.budget.senate.gov/hearings/the-long-term-budgetary-outlook,The Long Term Budgetary Outlook,,Budget,2021-09-07,,305.0,305.0,305.0,305.0,305.0,305.0,305.0,5.0
306,02/26/2002,,https://www.budget.senate.gov/hearings/the-effect-of-the-presidents-fy-2003-budget-proposal-on-the-army-corps-of-engineers-the-federal-highway-administration-and-the-department-of-education,"The Effect of the President's FY 2003 Budget Proposal on the Army Corps of Engineers, the Federal Highway Administration, and the Department of Education",,Budget,2021-09-07,,306.0,306.0,306.0,306.0,306.0,306.0,306.0,6.0
307,02/22/2002,,https://www.budget.senate.gov/hearings/impact-of-presidents-fy-2003-budget-request-on-the-dept-of-education,Impact of President's FY 2003 Budget Request on the Dept. of Education,,Budget,2021-09-07,,307.0,307.0,307.0,307.0,307.0,307.0,307.0,7.0
308,02/20/2002,,https://www.budget.senate.gov/hearings/impact-of-presidents-2003-budget-request-on-water-and-highway-infrastructure-needs,Impact of President's 2003 Budget Request on Water & Highway Infrastructure Needs,,Budget,2021-09-07,,308.0,308.0,308.0,308.0,308.0,308.0,308.0,8.0
309,02/14/2002,,https://www.budget.senate.gov/hearings/the-presidents-fy-2003-budget-proposal,The President's FY 2003 Budget Proposal,,Budget,2021-09-07,,309.0,309.0,309.0,309.0,309.0,309.0,309.0,9.0
310,02/13/2002,,https://www.budget.senate.gov/hearings/2002/02/13/the-presidents-fy-2003-budget-proposal,The President's FY 2003 Budget Proposal,,Budget,2021-09-07,,310.0,310.0,310.0,310.0,310.0,310.0,310.0,10.0
311,02/12/2002,,https://www.budget.senate.gov/hearings/2002/02/12/the-presidents-fy-2003-budget-proposal,The President's FY 2003 Budget Proposal,,Budget,2021-09-07,,311.0,311.0,311.0,311.0,311.0,311.0,311.0,11.0
312,02/07/2002,,https://www.budget.senate.gov/hearings/the-presidents-fy-2003-budget-and-revenue-proposals,The President's FY 2003 Budget and Revenue Proposals,,Budget,2021-09-07,,312.0,312.0,312.0,312.0,312.0,312.0,312.0,12.0
313,02/06/2002,,https://www.budget.senate.gov/hearings/the-presidents-fy-2003-budget-proposals,The President's FY 2003 Budget Proposals,,Budget,2021-09-07,,313.0,313.0,313.0,313.0,313.0,313.0,313.0,13.0
314,02/05/2002,,https://www.budget.senate.gov/hearings/2002/02/05/the-presidents-fy-2003-budget-proposals,The President's FY 2003 Budget Proposals,,Budget,2021-09-07,,314.0,314.0,314.0,314.0,314.0,314.0,314.0,14.0
315,01/29/2002,,https://www.budget.senate.gov/hearings/the-budget-and-the-economy,The Budget and the Economy,,Budget,2021-09-07,,315.0,315.0,315.0,315.0,315.0,315.0,315.0,15.0
316,01/24/2002,,https://www.budget.senate.gov/hearings/2002/01/24/the-state-of-the-economy,The State of the Economy,,Budget,2021-09-07,,316.0,316.0,316.0,316.0,316.0,316.0,316.0,16.0
317,01/23/2002,,https://www.budget.senate.gov/hearings/budget-and-economic-outlook,Budget and Economic Outlook,,Budget,2021-09-07,,317.0,317.0,317.0,317.0,317.0,317.0,317.0,17.0
318,10/25/2001,,https://www.budget.senate.gov/hearings/rescheduled-economic-stimulus,RESCHEDULED: Economic Stimulus,,Budget,2021-09-07,,318.0,318.0,318.0,318.0,318.0,318.0,318.0,18.0
319,10/02/2001,,https://www.budget.senate.gov/hearings/the-economic-outlook,The Economic Outlook,,Budget,2021-09-07,,319.0,319.0,319.0,319.0,319.0,319.0,319.0,19.0
320,09/06/2001,,https://www.budget.senate.gov/hearings/ombs-mid-session-review-and-the-budget-and-economic-outlook,OMB's Mid-Session Review and the Budget and Economic Outlook,,Budget,2021-09-07,,320.0,320.0,320.0,320.0,320.0,320.0,320.0,20.0
321,09/04/2001,,https://www.budget.senate.gov/hearings/the-budget-and-economic-outlook-an-update,The Budget and Economic Outlook: An Update,,Budget,2021-09-07,,321.0,321.0,321.0,321.0,321.0,321.0,321.0,21.0
322,08/31/2001,,https://www.budget.senate.gov/hearings/the-farm-bill,The Farm Bill,,Budget,2021-09-07,,322.0,322.0,322.0,322.0,322.0,322.0,322.0,22.0
323,08/29/2001,,https://www.budget.senate.gov/hearings/medicare-prescription-drugs,Medicare Prescription Drugs,,Budget,2021-09-07,,323.0,323.0,323.0,323.0,323.0,323.0,323.0,23.0
324,08/02/2001,,https://www.budget.senate.gov/hearings/social-security-budgetary-tradeoffs-and-transition-costs,Social Security: Budgetary Tradeoffs and Transition Costs,,Budget,2021-09-07,,324.0,324.0,324.0,324.0,324.0,324.0,324.0,24.0
325,07/18/2001,,https://www.budget.senate.gov/hearings/defense-spending-and-the-budget-outlook,Defense Spending and the Budget Outlook,,Budget,2021-09-07,,325.0,325.0,325.0,325.0,325.0,325.0,325.0,0.0
326,07/12/2001,,https://www.budget.senate.gov/hearings/economic-and-budget-update,Economic and Budget Update,,Budget,2021-09-07,,326.0,326.0,326.0,326.0,326.0,326.0,326.0,1.0
327,06/28/2001,,https://www.budget.senate.gov/hearings/how-big-is-the-remaining-surplusd,How Big is the Remaining Surplus?,,Budget,2021-09-07,,327.0,327.0,327.0,327.0,327.0,327.0,327.0,2.0
328,06/27/2001,,https://www.budget.senate.gov/hearings/reassessing-the-economic-outlook,Reassessing the Economic Outlook,,Budget,2021-09-07,,328.0,328.0,328.0,328.0,328.0,328.0,328.0,3.0
329,03/22/2001,,https://www.budget.senate.gov/hearings/debt-management,Debt Management,,Budget,2021-09-07,,329.0,329.0,329.0,329.0,329.0,329.0,329.0,4.0
330,03/14/2001,,https://www.budget.senate.gov/hearings/the-presidents-fiscal-year-2002-budget-proposal,The President's Fiscal Year 2002 Budget Proposal,,Budget,2021-09-07,,330.0,330.0,330.0,330.0,330.0,330.0,330.0,5.0
331,03/08/2001,,https://www.budget.senate.gov/hearings/2001/03/08/the-presidents-fiscal-year-2002-budget-proposal,The President's Fiscal Year 2002 Budget Proposal,,Budget,2021-09-07,,331.0,331.0,331.0,331.0,331.0,331.0,331.0,6.0
332,03/06/2001,,https://www.budget.senate.gov/hearings/2001/03/06/the-presidents-fiscal-year-2002-budget-proposal,The President's Fiscal Year 2002 Budget Proposal,,Budget,2021-09-07,,332.0,332.0,332.0,332.0,332.0,332.0,332.0,7.0
333,03/02/2001,,https://www.budget.senate.gov/hearings/2001/03/02/the-presidents-fiscal-year-2002-budget-proposal,The President's Fiscal Year 2002 Budget Proposal,,Budget,2021-09-07,,333.0,333.0,333.0,333.0,333.0,333.0,333.0,8.0
334,03/01/2001,,https://www.budget.senate.gov/hearings/2001/03/01/the-presidents-fiscal-year-2002-budget-proposal,The President's Fiscal Year 2002 Budget Proposal,,Budget,2021-09-07,,334.0,334.0,334.0,334.0,334.0,334.0,334.0,9.0
335,02/15/2001,,https://www.budget.senate.gov/hearings/medicare-reform-and-prescription-drugs,Medicare Reform and Prescription Drugs,,Budget,2021-09-07,,335.0,335.0,335.0,335.0,335.0,335.0,335.0,10.0
336,02/13/2001,,https://www.budget.senate.gov/hearings/the-budget-and-tax-policy,The Budget and Tax Policy,,Budget,2021-09-07,,336.0,336.0,336.0,336.0,336.0,336.0,336.0,11.0
337,02/12/2001,,https://www.budget.senate.gov/hearings/the-national-defense-budget-in-the-new-century,The National Defense Budget in the New Century,,Budget,2021-09-07,,337.0,337.0,337.0,337.0,337.0,337.0,337.0,12.0
338,02/08/2001,,https://www.budget.senate.gov/hearings/2001/02/08/budget-and-economic-outlook,Budget and Economic Outlook,,Budget,2021-09-07,,338.0,338.0,338.0,338.0,338.0,338.0,338.0,13.0
339,02/07/2001,,https://www.budget.senate.gov/hearings/the-impact-of-demographic-trends-on-the-budget-and-long-term-fiscal-policy,The Impact of Demographic Trends on the Budget and Long-Term Fiscal Policy,,Budget,2021-09-07,,339.0,339.0,339.0,339.0,339.0,339.0,339.0,14.0
340,02/06/2001,,https://www.budget.senate.gov/hearings/long-term-budgetary-issues,Long-Term Budgetary Issues,,Budget,2021-09-07,,340.0,340.0,340.0,340.0,340.0,340.0,340.0,15.0
341,01/31/2001,,https://www.budget.senate.gov/hearings/2001/01/31/budget-and-economic-outlook,Budget and Economic Outlook,,Budget,2021-09-07,,341.0,341.0,341.0,341.0,341.0,341.0,341.0,16.0
342,01/30/2001,,https://www.budget.senate.gov/hearings/the-economy-sector-analysis,The Economy: Sector Analysis,,Budget,2021-09-07,,342.0,342.0,342.0,342.0,342.0,342.0,342.0,17.0
343,01/25/2001,,https://www.budget.senate.gov/hearings/evolving-fiscal-challenges,Evolving Fiscal Challenges,,Budget,2021-09-07,,343.0,343.0,343.0,343.0,343.0,343.0,343.0,18.0
344,01/19/2001,,https://www.budget.senate.gov/hearings/final-clinton-administration-report-on-the-budget-and-the-economy,Final Clinton Administration Report on the Budget and the Economy,,Budget,2021-09-07,,344.0,344.0,344.0,344.0,344.0,344.0,344.0,19.0
