,Date,Time,URL,Title,Location,Committee,video_url
0,9/15/21,9:30 AM,https://www.epw.senate.gov/public/index.cfm/hearings?ID=D970CDAA-CAF0-4745-9125-05724D70E9C6,Business Meeting & Hearing on EPA Nominees,,Enviroment,
1,7/29/21,10:00 AM,https://www.epw.senate.gov/public/index.cfm/hearings?ID=603D45A0-ED84-4A47-8D0B-3F9AFA62D9A6,"Hearing on the Nominations of Stephen A. Owens, Jennifer Beth Sass, and Sylvia E. Johnson to be members of the U.S. Chemical Safety and Hazard Investigations Board",,Enviroment,https://www.senate.gov/isvp?type=live&comm=epw&filename=epw072921&auto_play=false
2,7/28/21,10:00 AM,https://www.epw.senate.gov/public/index.cfm/hearings?ID=B6BD63B3-A38E-4DD1-8A53-271486DBDDA8,Examining the Benefits of Investing in USACE Water Infrastructure Projects,,Enviroment,https://www.senate.gov/isvp?type=live&comm=epw&filename=epw072821&auto_play=false
3,7/22/21,10:00 AM,https://www.epw.senate.gov/public/index.cfm/hearings?ID=4FE47609-73C9-4A1F-BC4E-9E2E9B7A3CC4,Examining Current Issues Adversely Affecting Environmental Justice Populations,,Enviroment,https://www.senate.gov/isvp?type=live&comm=epw&filename=epw072221&auto_play=false
4,7/21/21,9:45 AM,https://www.epw.senate.gov/public/index.cfm/hearings?ID=524520EC-E9AA-41A2-9DEA-A87D6ADFFFD9,Addressing Cybersecurity Vulnerabilities Facing Our Nation’s Physical Infrastructure,,Enviroment,https://www.senate.gov/isvp?type=live&comm=epw&filename=epw072121&auto_play=false
5,7/14/21,9:45 AM,https://www.epw.senate.gov/public/index.cfm/hearings?ID=20301E27-24D8-4B19-AA9E-7C093FA76E58,Hearing on the Nomination of Michael Connor to be Assistant Secretary of the Army for Civil Works at the Department of Defense,,Enviroment,https://www.senate.gov/isvp?type=live&comm=epw&filename=epw071421&auto_play=false
6,6/24/21,10:00 AM,https://www.epw.senate.gov/public/index.cfm/hearings?ID=D7111B8E-592E-40DC-A4EB-4745EEA31E99,The Role of Natural and Nature-Based Features in Water Resources Projects,,Enviroment,https://www.senate.gov/isvp?type=live&comm=epw&filename=epw062421&auto_play=false
7,6/16/21,10:00 AM,https://www.epw.senate.gov/public/index.cfm/hearings?ID=8A8E58A2-0923-42A8-82B2-D9EF854369E7,"Hearing on the Nominations of Jeffrey Prieto to be General Counsel of the Environmental Protection Agency, Jane Nishida to be Assistant Administrator for International and Tribal Affairs of the Environmental Protection Agency, and Alejandra Castillo to be Assistant Secretary for Economic Development of the Department of Commerce",,Enviroment,https://www.senate.gov/isvp?type=live&comm=epw&filename=epw061621&auto_play=false
8,6/9/21,10:00 AM,https://www.epw.senate.gov/public/index.cfm/hearings?ID=B7B4D8A8-6EDA-4907-82BB-2E86E2117DB3,PFAS: the View from Affected Citizens and States,,Enviroment,https://www.senate.gov/isvp?type=live&comm=epw&filename=epw060921&auto_play=false
9,5/26/21,9:45 AM,https://www.epw.senate.gov/public/index.cfm/hearings?ID=F276D918-ACE0-4378-A4BE-1E1DF377FC0D,Surface Transportation Markup & Committee Business Meeting,,Enviroment,https://www.senate.gov/isvp?type=live&comm=epw&filename=epw052621&auto_play=false
0,5/19/21,10:00 AM,https://www.epw.senate.gov/public/index.cfm/hearings?ID=0B3AA494-62F3-48DC-946F-8EC531EAF487,"Examining Biodiversity Loss: Drivers, Impacts, and Potential Solutions",,Enviroment,https://www.senate.gov/isvp?type=live&comm=epw&filename=epw051921&auto_play=false
1,5/12/21,10:00 AM,https://www.epw.senate.gov/public/index.cfm/hearings?ID=1F9BED2A-2CE1-4F72-8A12-895E0F140036,"Hearing on the Nominations of Shannon Estenoz to be Assistant Secretary of Fish and Wildlife and Parks of the Department of Interior, Radhika Fox to be Assistant Administrator for Water of the Environmental Protection Agency, and Michal Freedhoff to be Assistant Administrator for Chemical Safety and Pollution Prevention of the Environmental Protection Agency",,Enviroment,https://www.senate.gov/isvp?type=live&comm=epw&filename=epw051221&auto_play=false
2,5/11/21,10:00 AM,https://www.epw.senate.gov/public/index.cfm/hearings?ID=B03E1516-88B7-45F3-9473-5F223E5FD873,"Equity in Transportation Infrastructure: Connecting Communities, Removing Barriers, and Repairing Networks across America",,Enviroment,https://www.senate.gov/isvp?type=live&comm=epw&filename=epw051121&auto_play=false
3,4/28/21,10:00 AM,https://www.epw.senate.gov/public/index.cfm/hearings?ID=54655DCA-CB16-49C2-8A87-E32C4765F5B2,Hearing on the Fiscal Year 2022 Proposed Budget for the U.S. Environmental Protection Agency,,Enviroment,https://www.senate.gov/isvp?type=live&comm=epw&filename=epw042821&auto_play=false
4,4/27/21,2:30 PM,https://www.epw.senate.gov/public/index.cfm/hearings?ID=3F35F82A-12FB-4CAF-B12F-294BC45899BC,"Legislative Hearing on S.283, National Climate Bank Act",,Enviroment,https://www.senate.gov/isvp?type=live&comm=epw&filename=epw042721&auto_play=false
5,4/14/21,10:00 AM,https://www.epw.senate.gov/public/index.cfm/hearings?ID=34FC8BBA-642E-43B0-9C56-75FBC61F6CE4,"Long-term Solvency of the Highway Trust Fund: Lessons Learned from the Surface Transportation System Funding Alternatives Program and Other User-based Revenue Solutions, and How Funding Uncertainty Affects the Highway Programs",,Enviroment,https://www.senate.gov/isvp?type=live&comm=epw&filename=epw041421&auto_play=false
6,3/24/21,9:30 AM,https://www.epw.senate.gov/public/index.cfm/hearings?ID=C1C16B55-C216-4C29-9B9C-45EC49919FEC,Committee Business Meeting,,Enviroment,https://www.senate.gov/isvp?type=live&comm=epw&filename=epw032421&auto_play=false
7,3/17/21,10:00 AM,https://www.epw.senate.gov/public/index.cfm/hearings?ID=DE00984F-4EC0-4CD9-BA77-A781E4F94DA1,Examining the Challenges Facing Drinking Water and Wastewater Infrastructure Projects,,Enviroment,https://www.senate.gov/isvp?type=live&comm=epw&filename=epw031721&auto_play=false
8,3/10/21,10:00 AM,https://www.epw.senate.gov/public/index.cfm/hearings?ID=B26712B4-FE3B-4259-A3C6-82FDCA9B9949,Building Back Better: Addressing Climate Change in the Electricity Sector and Fostering Economic Growth,,Enviroment,https://www.senate.gov/isvp?type=live&comm=epw&filename=epw031021&auto_play=false
9,3/3/21,10:00 AM,https://www.epw.senate.gov/public/index.cfm/hearings?ID=9F541393-48E4-4DD7-A8D7-33937647673E,Hearing on the Nominations of Brenda Mallory to serve as Chair of CEQ and Janet McCabe to be Deputy Administrator of EPA,,Enviroment,https://www.senate.gov/isvp?type=live&comm=epw&filename=epw030321&auto_play=false
0,2/24/21,10:15 AM,https://www.epw.senate.gov/public/index.cfm/hearings?ID=A076F488-6A1E-41DB-9279-7C943023D8D9,"Building Back Better: Investing in Transportation while Addressing Climate Change, Improving Equity, and Fostering Economic Growth and Innovation",,Enviroment,https://www.senate.gov/isvp?type=live&comm=epw&filename=epw022421&auto_play=false
1,2/9/21,10:00 AM,https://www.epw.senate.gov/public/index.cfm/hearings?ID=82560C48-AB97-456D-B287-0D36A5596B69,Committee Business Meeting,,Enviroment,https://www.senate.gov/isvp?type=live&comm=epw&filename=epw020921&auto_play=false
2,2/3/21,2:00 PM,https://www.epw.senate.gov/public/index.cfm/hearings?ID=D825A7BE-3D52-4651-9664-A373EB3699A5,Hearing on the Nomination of Michael S. Regan to be Administrator of the Environmental Protection Agency,,Enviroment,https://www.senate.gov/isvp?type=live&comm=epw&filename=epw020321&auto_play=false
3,12/9/20,9:45 AM,https://www.epw.senate.gov/public/index.cfm/hearings?ID=DCD634CB-BB37-4569-98A1-4EC932CC1AA0,"Subcommittee Hearing on the Nomination of Charles W. Cook, Jr. to be a Member of the Board of Directors of the Tennessee Valley Authority",,Enviroment,https://www.senate.gov/isvp?type=live&comm=epw&filename=epw120920&auto_play=false
4,12/2/20,9:45 AM,https://www.epw.senate.gov/public/index.cfm/hearings?ID=2B63E442-617A-4C2B-A95D-524B24DF9C5D,Committee Business Meeting,,Enviroment,https://www.senate.gov/isvp?type=live&comm=epw&filename=epw120220&auto_play=false
5,9/23/20,10:00 AM,https://www.epw.senate.gov/public/index.cfm/hearings?ID=D5185E02-178C-42B6-81DD-B3D16A765E78,"Modernizing the Endangered Species Act: Legislative Hearing on S. 4589, the Endangered Species Act Amendments of 2020",,Enviroment,https://www.senate.gov/isvp?type=live&comm=epw&filename=epw092320&auto_play=false
6,9/16/20,10:00 AM,https://www.epw.senate.gov/public/index.cfm/hearings?ID=6A3E6846-755D-44C8-94CF-3D9167385E8D,Stakeholder Reactions: The Navigable Waters Protection Rule under the Clean Water Act,,Enviroment,https://www.senate.gov/isvp?type=live&comm=epw&filename=epw091620&auto_play=false
7,9/9/20,10:00 AM,https://www.epw.senate.gov/public/index.cfm/hearings?ID=070350AF-A050-4268-BC35-CB60FB7D94FC,"Successful State Stewardship: A Legislative Hearing to Examine S.614, the Grizzly Bear State Management Act",,Enviroment,https://www.senate.gov/isvp?type=live&comm=epw&filename=epw090920&auto_play=false
8,8/19/20,10:00 AM,https://www.epw.senate.gov/public/index.cfm/hearings?ID=5EB595BE-E04D-4809-BEE8-133FDEDD5929,Energy and Environmental Innovation: Wyoming’s Leadership in Using and Storing Carbon Dioxide Emissions,,Enviroment,
9,8/5/20,10:00 AM,https://www.epw.senate.gov/public/index.cfm/hearings?ID=8B42027F-E217-4831-9711-B905711C4253,"Hearing to Examine a Discussion Draft Bill, S.____, American Nuclear Infrastructure Act of 2020",,Enviroment,https://www.senate.gov/isvp?type=live&comm=epw&filename=epw080520&auto_play=false
0,7/29/20,10:00 AM,https://www.epw.senate.gov/public/index.cfm/hearings?ID=1EEAF1B8-B954-4C1B-965E-02BD49EF4E71,Lessons Learned from Remote Working during COVID-19: Can the Government Save Money Through Maximizing Efficient Use of Leased Space?,,Enviroment,https://www.senate.gov/isvp?type=live&comm=epw&filename=epw072920&auto_play=false
1,7/22/20,10:00 AM,https://www.epw.senate.gov/public/index.cfm/hearings?ID=65B2FBBB-9AD4-4A3E-84EC-2148406B271D,Stopping the Spread: Examining the Increased Risk of Zoonotic Disease from Illegal Wildlife Trafficking,,Enviroment,https://www.senate.gov/isvp?type=live&comm=epw&filename=epw072220&auto_play=false
2,7/1/20,10:00 AM,https://www.epw.senate.gov/public/index.cfm/hearings?ID=3DDCB73F-C8C2-44F2-823E-68D9EE05A9F8,"Better, Faster, Cheaper, Smarter, and Stronger: Infrastructure Development Opportunities to Drive Economic Recovery and Resiliency",,Enviroment,https://www.senate.gov/isvp?type=live&comm=epw&filename=epw070120&auto_play=false
3,7/1/20,9:45 AM,https://www.epw.senate.gov/public/index.cfm/hearings?ID=2A336F30-E500-4DCC-8B3E-B048ABBE7492,Committee Business Meeting,,Enviroment,https://www.senate.gov/isvp?type=live&comm=epw&filename=epw070120&auto_play=false
4,6/17/20,10:00 AM,https://www.epw.senate.gov/public/index.cfm/hearings?ID=9243CF3C-41EA-4D1C-A4A4-E60CAA9F503B,Responding to the Challenges Facing Recycling in the United States,,Enviroment,https://www.senate.gov/isvp?type=live&comm=epw&filename=epw061720&auto_play=false
5,6/4/20,10:00 AM,https://www.epw.senate.gov/public/index.cfm/hearings?ID=60F7F92C-AE2B-40BB-ABEC-2626F1B5D4E3,Infrastructure: The Road to Recovery,,Enviroment,https://www.senate.gov/isvp?type=live&comm=epw&filename=epw060420&auto_play=false
6,5/20/20,10:00 AM,https://www.epw.senate.gov/public/index.cfm/hearings?ID=AEBB7217-CF07-4D4F-B661-BD0A8996A2DB,Oversight of the Environmental Protection Agency,,Enviroment,https://www.senate.gov/isvp?type=live&comm=epw&filename=epw052020&auto_play=false
7,5/19/20,3:00 PM,https://www.epw.senate.gov/public/index.cfm/hearings?ID=BC706CD0-0BB7-4FEB-9D09-B8E99DFC3205,"Hearing on the Nominations of Beth Harwell and Brian Noland to be Members of the Board of Directors, and Katherine Crytzer to be Inspector General of the Tennessee Valley Authority",,Enviroment,https://www.senate.gov/isvp?type=live&comm=epw&filename=epw051920&auto_play=false
8,5/6/20,10:00 AM,https://www.epw.senate.gov/public/index.cfm/hearings?ID=9FCA8E00-0044-4E06-8304-B5AD6A266F8E,Committee Business Meeting,,Enviroment,https://www.senate.gov/isvp?type=live&comm=epw&filename=epw050620&auto_play=false
9,4/22/20,10:00 AM,https://www.epw.senate.gov/public/index.cfm/hearings?ID=509FF3A2-00BF-40C3-B410-ECFF10189AC5,"An Information-Gathering Process on Draft Legislation entitled, America’s Water Infrastructure Act of 2020 and The Drinking Water Infrastructure Act of 2020: Stakeholder Comments",,Enviroment,
0,3/25/20,9:00 AM,https://www.epw.senate.gov/public/index.cfm/hearings?ID=AD135031-18BB-4802-BE96-FAEE3ABDF120,"S. 2754, American Innovation and Manufacturing Act of 2019: Written Testimony and Questions for the Record",,Enviroment,
1,3/11/20,10:00 AM,https://www.epw.senate.gov/public/index.cfm/hearings?ID=35FAC322-B10D-445C-8A86-F895E94791CD,Nominations Hearing,,Enviroment,https://www.senate.gov/isvp?type=live&comm=epw&filename=epw031120&auto_play=false
2,3/4/20,10:00 AM,https://www.epw.senate.gov/public/index.cfm/hearings?ID=ED3A18CD-EAB6-472A-B8F6-C6D6F7E6CCF7,Oversight of the Nuclear Regulatory Commission,,Enviroment,https://www.senate.gov/isvp?type=live&comm=epw&filename=epw030420&auto_play=false
3,2/11/20,9:45 AM,https://www.epw.senate.gov/public/index.cfm/hearings?ID=EEEE04C3-5403-445C-B2CD-5BA357296184,Committee Business Meeting,,Enviroment,https://www.senate.gov/isvp?type=live&comm=epw&filename=epw021120&auto_play=false
4,2/5/20,10:00 AM,https://www.epw.senate.gov/public/index.cfm/hearings?ID=DD14A2E8-3F51-4148-BF1A-1AFA0122A591,Oversight of the U.S. Fish and Wildlife Service,,Enviroment,
5,1/29/20,10:00 AM,https://www.epw.senate.gov/public/index.cfm/hearings?ID=AC86E1F2-3A8A-473E-80BB-7F338CAC16F6,Stakeholder Perspectives on the Importance of the U.S. Chemical Safety and Hazard Investigation Board,,Enviroment,https://www.senate.gov/isvp?type=live&comm=epw&filename=epw012920&auto_play=false
6,1/22/20,10:00 AM,https://www.epw.senate.gov/public/index.cfm/hearings?ID=A4B58FE9-119B-4F4E-AEA7-001B64FCED4B,Oversight of the Economic Development Administration,,Enviroment,https://www.senate.gov/isvp?type=live&comm=epw&filename=epw012220&auto_play=false
7,1/15/20,10:00 AM,https://www.epw.senate.gov/public/index.cfm/hearings?ID=5D6D8D4D-BEF5-4FBE-8C59-76A46C527286,One Year of Progress: An Update on Implementation of the Nuclear Energy Innovation and Modernization Act,,Enviroment,https://www.senate.gov/isvp?type=live&comm=epw&filename=epw011520&auto_play=false
8,1/14/20,10:00 AM,https://www.epw.senate.gov/public/index.cfm/hearings?ID=DDEEC38C-F5B1-41F8-8887-C7954565BB48,Committee Business Meeting,,Enviroment,https://www.senate.gov/isvp?type=live&comm=epw&filename=epw011420&auto_play=false
9,1/8/20,10:00 AM,https://www.epw.senate.gov/public/index.cfm/hearings?ID=E6FC40E5-8DBF-44EA-904D-248E338B7B2C,The Nonpoint Source Management Program Under the Clean Water Act: Perspectives from States,,Enviroment,https://www.senate.gov/isvp?type=live&comm=epw&filename=epw010820&auto_play=false
0,12/17/19,9:30 AM,https://www.epw.senate.gov/public/index.cfm/hearings?ID=520A7C0B-0941-428B-A79E-CAF2B93E3A56,Committee Business Meeting,,Enviroment,https://www.senate.gov/isvp?type=live&comm=epw&filename=epw121719&auto_play=false
1,12/4/19,10:00 AM,https://www.epw.senate.gov/public/index.cfm/hearings?ID=50F442A8-3C2D-40FC-9443-BF443311E1B8,Legislative Hearing on a bill to create a U.S. Fish and Wildlife Service Chronic Wasting Disease Task Force,,Enviroment,https://www.senate.gov/isvp?type=live&comm=epw&filename=epw120419&auto_play=false
2,12/3/19,3:00 PM,https://www.epw.senate.gov/public/index.cfm/hearings?ID=FD310548-D16C-40F6-8AE8-14CE3959CB79,"Hearing on the Nomination of Robert J. Feitel, of Maryland, to be Inspector General of the Nuclear Regulatory Commission",,Enviroment,https://www.senate.gov/isvp?type=live&comm=epw&filename=epw120319&auto_play=false
3,11/20/19,9:35 AM,https://www.epw.senate.gov/public/index.cfm/hearings?ID=5211731D-F713-4E6B-817C-879AFCE62091,Committee Business Meeting,,Enviroment,https://www.senate.gov/isvp?type=live&comm=epw&filename=epw112019&auto_play=false
4,11/19/19,10:00 AM,https://www.epw.senate.gov/public/index.cfm/hearings?ID=2C5DAB96-D66E-4D96-8886-D1D841AA6F6B,"Hearing on S. 1087, the Water Quality Certification Improvement Act of 2019, and Other Potential Reforms to Improve Implementation of Section 401 of the Clean Water Act: State Perspectives",,Enviroment,https://www.senate.gov/isvp?type=live&comm=epw&filename=epw111919&auto_play=false
5,11/13/19,10:00 AM,https://www.epw.senate.gov/public/index.cfm/hearings?ID=5AEB1502-8204-4B5A-8E67-8925DF0E69DD,"Preserving and Expanding Clean, Reliable Nuclear Power: U.S. Commercial Nuclear Reactor Performance Trends and Safety Initiatives",,Enviroment,https://www.senate.gov/isvp?type=live&comm=epw&filename=epw111319&auto_play=false
6,11/6/19,10:00 AM,https://www.epw.senate.gov/public/index.cfm/hearings?ID=9D9A2920-4591-4532-9D64-AE9F98437707,"Hearing on S. 2662, the Growing American Innovation Now (GAIN) Act",,Enviroment,https://www.senate.gov/isvp?type=live&comm=epw&filename=epw110619&auto_play=false
7,10/30/19,10:00 AM,https://www.epw.senate.gov/public/index.cfm/hearings?ID=A41178B1-B923-4C41-8915-311D2CBCF5EC,Hearing on the Nomination of Sean O’Donnell to be Inspector General of the Environmental Protection Agency,,Enviroment,https://www.senate.gov/isvp?type=live&comm=epw&filename=epw103019&auto_play=false
8,10/23/19,10:00 AM,https://www.epw.senate.gov/public/index.cfm/hearings?ID=44BD2998-A955-42FF-8158-49DE2AD56DD3,Improving American Economic Competitiveness through Water Resources Infrastructure: Federal Panel,,Enviroment,https://www.senate.gov/isvp?type=live&comm=epw&filename=epw102319&auto_play=false
9,10/17/19,10:00 AM,https://www.epw.senate.gov/public/index.cfm/hearings?ID=667304EE-7A09-4212-811D-935324B38919,Subcommittee Hearing on Reducing Emissions While Driving Economic Growth: Industry-led Initiatives,,Enviroment,https://www.senate.gov/isvp?type=live&comm=epw&filename=epw101719&auto_play=false
0,10/16/19,10:00 AM,https://www.epw.senate.gov/public/index.cfm/hearings?ID=82E1CFDC-ECA0-4804-B5F4-F2D9A3BECB1D,Examining the Impacts of Diseases on Wildlife Conservation and Management,,Enviroment,https://www.senate.gov/isvp?type=live&comm=epw&filename=epw101619&auto_play=false
1,9/25/19,9:15 AM,https://www.epw.senate.gov/public/index.cfm/hearings?ID=84812343-2E0E-4869-9CC8-FC1CE1C171F1,Committee Business Meeting,,Enviroment,https://www.senate.gov/isvp?type=live&comm=epw&filename=epw092519&auto_play=false
2,9/18/19,10:00 AM,https://www.epw.senate.gov/public/index.cfm/hearings?ID=2FEEDD04-A114-4753-B1CF-BE2182C91CA8,Improving American Economic Competitiveness through Water Resources Infrastructure,,Enviroment,https://www.senate.gov/isvp?type=live&comm=epw&filename=epw091819&auto_play=false
3,9/11/19,10:00 AM,https://www.epw.senate.gov/public/index.cfm/hearings?ID=DBBE734D-D0DF-4EEA-8B57-AE82FDEC8E05,Hearing on the Nominations of Aurelia Skipwith to be Director of the U.S. Fish and Wildlife Service and Katherine Lemos to be Member and Chairperson of the Chemical Safety and Hazard Investigation Board,,Enviroment,https://www.senate.gov/isvp?type=live&comm=epw&filename=epw091119&auto_play=false
4,8/28/19,2:00 PM,https://www.epw.senate.gov/public/index.cfm/hearings?ID=FB697F11-EB64-426B-A62F-7B438647B7F0,Oversight of the U.S. Army Corps of Engineers’ Management of the Spring 2019 Missouri River Basin Flooding,,Enviroment,
5,7/30/19,9:00 AM,https://www.epw.senate.gov/public/index.cfm/hearings?ID=787CB1DC-4ADA-496F-BA78-B2DA16BEF838,Committee Business Meeting,,Enviroment,https://www.senate.gov/isvp?type=live&comm=epw&filename=epw073019&auto_play=false
6,7/24/19,10:00 AM,https://www.epw.senate.gov/public/index.cfm/hearings?ID=06C9A137-C32A-43CC-8C04-9BF011C58649,Theodore Roosevelt Genius Prize: Innovative Solutions to Reduce Human-Predator Conflict,,Enviroment,https://www.senate.gov/isvp?type=live&comm=epw&filename=epw072419&auto_play=false
7,7/17/19,10:00 AM,https://www.epw.senate.gov/public/index.cfm/hearings?ID=22DBE78B-11F0-491A-B8FB-7A9F3049F8EF,Electric Battery Production and Waste: Opportunities and Challenges,,Enviroment,https://www.senate.gov/isvp?type=live&comm=epw&filename=epw071719&auto_play=false
8,7/10/19,10:00 AM,https://www.epw.senate.gov/public/index.cfm/hearings?ID=FF9A8EE5-ECD3-44B0-9A5C-9EB617A325E1,Investing in America’s Surface Transportation Infrastructure: The Need for a Multi-Year Reauthorization Bill,,Enviroment,https://www.senate.gov/isvp?type=live&comm=epw&filename=epw071019&auto_play=false
9,6/19/19,9:30 AM,https://www.epw.senate.gov/public/index.cfm/hearings?ID=3F09949F-E386-4AF4-BC78-3C55F2555684,Committee Business Meeting,,Enviroment,https://www.senate.gov/isvp?type=live&comm=epw&filename=epw061919&auto_play=false
0,6/12/19,10:00 AM,https://www.epw.senate.gov/public/index.cfm/hearings?ID=08604F20-C3B3-4F98-BB3F-C3D417A9F726,A Review of Waters of the U.S. Regulations: Their Impact on States and the American People,,Enviroment,https://www.senate.gov/isvp?type=live&comm=epw&filename=epw061219&auto_play=false
1,6/11/19,2:30 PM,https://www.epw.senate.gov/public/index.cfm/hearings?ID=EA437058-4EE9-4C12-8168-90CEA7D447C9,Subcommittee Hearing on the Nomination of William B. Kilbride to be a Member of the Board of Directors of the Tennessee Valley Authority,,Enviroment,https://www.senate.gov/isvp?type=live&comm=epw&filename=epw061119&auto_play=false
2,6/4/19,11:30 AM,https://www.epw.senate.gov/public/index.cfm/hearings?ID=568F50FF-A13F-43F5-9DB3-B39D8A519E8C,Advanced Nuclear Technology: Protecting U.S. Leadership and Expanding Opportunities for Licensing New Nuclear Energy Technologies,,Enviroment,https://www.senate.gov/isvp?type=live&comm=epw&filename=epw060419p&auto_play=false
3,6/4/19,10:00 AM,https://www.epw.senate.gov/public/index.cfm/hearings?ID=0A030012-28BF-4193-B7FE-B9E69487B746,"Hearing on the Nomination of Robert Wallace to be Assistant Secretary for Fish, Wildlife, and Parks at the Department of the Interior",,Enviroment,https://www.senate.gov/isvp?type=live&comm=epw&filename=epw060419&auto_play=false
4,5/22/19,9:45 AM,https://www.epw.senate.gov/public/index.cfm/hearings?ID=7F34804C-952F-4F16-BDE3-C60DBD57F5E3,Examining Legislation to Address the Risks Associated with Per- and Polyfluoroalkyl Substances (PFAS),,Enviroment,
5,5/15/19,10:00 AM,https://www.epw.senate.gov/public/index.cfm/hearings?ID=84CA2181-3A68-4D01-AE5D-EC8237E5436A,Oversight of the Council on Environmental Quality,,Enviroment,https://www.senate.gov/isvp?type=live&comm=epw&filename=epw051519&auto_play=false
6,5/8/19,10:00 AM,https://www.epw.senate.gov/public/index.cfm/hearings?ID=34DF38E4-B361-4E29-A3B0-05EA80ACCC1D,Oversight Hearing on the U.S. Army Corps of Engineers’ Civil Works Program,,Enviroment,https://www.senate.gov/isvp?type=live&comm=epw&filename=epw050819&auto_play=false
7,5/1/19,10:00 AM,https://www.epw.senate.gov/public/index.cfm/hearings?ID=B6EF5BFA-5CEF-4F5F-B0C9-0719315079DC,"Legislative Hearing on a Discussion Draft Bill, S. __, Nuclear Waste Policy Amendments Act of 2019",,Enviroment,https://www.senate.gov/isvp?type=live&comm=epw&filename=epw050119&auto_play=false
8,4/17/19,8:30 AM,https://www.epw.senate.gov/public/index.cfm/hearings?ID=298FB2A9-A163-4238-92EA-C020221C797A,Field Oversight Hearing on the U.S. Army Corps of Engineers’ Management of the 2019 Missouri River Basin Flooding,,Enviroment,
9,4/10/19,10:00 AM,https://www.epw.senate.gov/public/index.cfm/hearings?ID=0CB610C3-5624-42CA-BA83-00588618AAA8,Committee Business Meeting,,Enviroment,https://www.senate.gov/isvp?type=live&comm=epw&filename=epw041019&auto_play=false
0,4/2/19,10:00 AM,https://www.epw.senate.gov/public/index.cfm/hearings?ID=849703A0-3081-4FD8-BB1B-316B56FF3DF0,Oversight of the Nuclear Regulatory Commission,,Enviroment,https://www.senate.gov/isvp?type=live&comm=epw&filename=epw040219&auto_play=false
1,3/28/19,10:00 AM,https://www.epw.senate.gov/public/index.cfm/hearings?ID=918A6066-C1F1-4D81-A5A0-F08BBE06D40B,Examining the federal response to the risks associated with per- and polyfluoroalkyl substances (PFAS),,Enviroment,https://www.senate.gov/isvp?type=live&comm=epw&filename=epw032819&auto_play=false
2,3/13/19,10:00 AM,https://www.epw.senate.gov/public/index.cfm/hearings?ID=39A090B5-600F-4E7C-81A9-11F332FC196C,"Hearing to Examine S. __, Diesel Emissions Reduction Act of 2019",,Enviroment,https://www.senate.gov/isvp?type=live&comm=epw&filename=epw031319&auto_play=false
3,3/6/19,10:00 AM,https://www.epw.senate.gov/public/index.cfm/hearings?ID=76CB6FB0-8D2C-40B7-ABDB-4848727AB892,Hearing on the Economic Benefits of Highway Infrastructure Investment and Accelerated Project Delivery,,Enviroment,https://www.senate.gov/isvp?type=live&comm=epw&filename=epw030619&auto_play=false
4,3/5/19,10:00 AM,https://www.epw.senate.gov/public/index.cfm/hearings?ID=638454F3-F1FB-4319-AC6D-4816ADB85C84,Subcommittee Hearing on States’ Role in Protecting Air Quality: Principles of Cooperative Federalism,,Enviroment,https://www.senate.gov/isvp?type=live&comm=epw&filename=epw030519&auto_play=false
5,2/27/19,10:00 AM,https://www.epw.senate.gov/public/index.cfm/hearings?ID=83DD95E5-8113-4B25-AB8D-F4D484A30AD8,"Hearing to Examine S. 383, the Utilizing Significant Emissions with Innovative Technologies Act, and the State of Current Technologies that Reduce, Capture, and Use Carbon Dioxide",,Enviroment,https://www.senate.gov/isvp?type=live&comm=epw&filename=epw022719&auto_play=false
6,2/13/19,10:00 AM,https://www.epw.senate.gov/public/index.cfm/hearings?ID=9B3F1A0B-ECA3-4EFC-B03E-85060350E969,"The Invasive Species Threat: Protecting Wildlife, Public Health, and Infrastructure",,Enviroment,https://www.senate.gov/isvp?type=live&comm=epw&filename=epw021319&auto_play=false
7,2/5/19,10:00 AM,https://www.epw.senate.gov/public/index.cfm/hearings?ID=5D5AA2EC-6702-4C40-86DD-C8882EE5B67B,COMMITTEE BUSINESS MEETING,,Enviroment,https://www.senate.gov/isvp?type=live&comm=epw&filename=epw020519&auto_play=false
8,1/29/19,10:00 AM,https://www.epw.senate.gov/public/index.cfm/hearings?ID=8E98B8C2-E38E-47C3-9AFA-34162BD161E4,Hearing on the Nomination of Nicole R. Nason to be Administrator of the Federal Highway Administration,,Enviroment,
9,1/16/19,10:00 AM,https://www.epw.senate.gov/public/index.cfm/hearings?ID=64B84BBE-6130-44B5-9825-CF3F1EEF9BD2,Hearing on the Nomination of Andrew Wheeler to be Administrator of the Environmental Protection Agency,,Enviroment,https://www.senate.gov/isvp?type=live&comm=epw&filename=epw011619&auto_play=false
0,11/29/18,10:30 AM,https://www.epw.senate.gov/public/index.cfm/hearings?ID=2F84117A-8513-4157-802A-A0D044A86CF2,Hearing on the Nomination of Alexandra Dunn to be Assistant Administrator of the Environmental Protection Agency,,Enviroment,https://www.senate.gov/isvp?type=live&comm=epw&filename=epw112918&auto_play=false
1,11/28/18,9:30 AM,https://www.epw.senate.gov/public/index.cfm/hearings?ID=F73722BC-05D7-4483-8FB1-EED1AC36454F,Addressing America’s Surface Transportation Infrastructure Needs,,Enviroment,https://www.senate.gov/isvp?type=live&comm=epw&filename=epw112818&auto_play=false
2,11/15/18,10:00 AM,https://www.epw.senate.gov/public/index.cfm/hearings?ID=978D4E05-69FA-436E-AA08-9FDD635CD9D2,"Examining Funding Needs for Wildlife Conservation, Recovery, and Management",,Enviroment,https://www.senate.gov/isvp?type=live&comm=epw&filename=epw111518&auto_play=false
3,10/10/18,10:00 AM,https://www.epw.senate.gov/public/index.cfm/hearings?ID=F454AA29-460A-44EF-813E-4D6B6CA5F684,"From Yellowstone’s Grizzly Bear to the Chesapeake’s Delmarva Fox Squirrel -- Successful State Conservation, Recovery, and Management of Wildlife",,Enviroment,
4,10/3/18,2:15 PM,https://www.epw.senate.gov/public/index.cfm/hearings?ID=AA9CF4BB-B5FB-4BF6-B0E4-E33BDE0FF26A,Oversight of the Environmental Protection Agency’s Implementation of Sound and Transparent Science in Regulation,,Enviroment,https://www.senate.gov/isvp?type=live&comm=epw&filename=epw100318&auto_play=false
5,9/26/18,10:00 AM,https://www.epw.senate.gov/public/index.cfm/hearings?ID=9DED4FB8-AFFC-490A-A80F-DE55626E3E5F,"Cleaning Up the Oceans: How to Reduce the Impact of Man-Made Trash on the Environment, Wildlife, and Human Health?",,Enviroment,https://www.senate.gov/isvp?type=live&comm=epw&filename=epw092618&auto_play=false
6,9/18/18,9:55 AM,https://www.epw.senate.gov/public/index.cfm/hearings?ID=21AD87CA-3A8C-417F-9E50-19EF10106415,Committee Business Meeting,,Enviroment,https://www.senate.gov/isvp?type=live&comm=epw&filename=epw091818&auto_play=false
7,9/13/18,10:00 AM,https://www.epw.senate.gov/public/index.cfm/hearings?ID=4D71FFA7-331D-46B2-B9CF-EBD4B3F61825,Advanced Nuclear Technology: Safety and Associated Benefits of Licensing Accident Tolerant Fuels for Commercial Nuclear Reactors,,Enviroment,https://www.senate.gov/isvp?type=live&comm=epw&filename=epw091318&auto_play=false
8,9/6/18,10:00 AM,https://www.epw.senate.gov/public/index.cfm/hearings?ID=126F862D-58C7-49AD-9DFF-470BF4D78814,Hearing on the Nomination of Harold B. Parker of New Hampshire to be Federal Cochairperson of the Northern Border Regional Commission,,Enviroment,https://www.senate.gov/isvp?type=live&comm=epw&filename=epw090618&auto_play=false
9,8/20/18,1:00 PM,https://www.epw.senate.gov/public/index.cfm/hearings?ID=FB471D5E-C01B-4E20-BA80-390669F85A0A,"Oversight Hearing on Repeated Flooding Events in Ellicott City, MD: Reviewing the Federal Role in Preventing Future Events",,Enviroment,
0,8/16/18,10:00 AM,https://www.epw.senate.gov/public/index.cfm/hearings?ID=A30DD7AB-5D05-4562-8ECF-BF9EB0FC8DE2,"Hearing to Examine Implementation of Clean Water Act Section 401 and S. 3303, the Water Quality Certification Improvement Act of 2018",,Enviroment,https://www.senate.gov/isvp?type=live&comm=epw&filename=epw081618&auto_play=false
1,8/1/18,10:30 AM,https://www.epw.senate.gov/public/index.cfm/hearings?ID=E88AA992-3DF3-40E2-AE8F-351B3D885B06,Examining EPA’s Agenda: Protecting the Environment and Allowing America’s Economy to Grow,,Enviroment,https://www.senate.gov/isvp?type=live&comm=epw&filename=epw080118&auto_play=false
2,8/1/18,9:45 AM,https://www.epw.senate.gov/public/index.cfm/hearings?ID=1724F6A1-6B9D-4C5A-9CA1-0FD969EE5897,Committee Business Meeting,,Enviroment,https://www.senate.gov/isvp?type=live&comm=epw&filename=epw080118&auto_play=false
3,7/19/18,10:00 AM,https://www.epw.senate.gov/public/index.cfm/hearings?ID=86776CF3-5979-4B41-823B-79672B6F8706,Hearing on the Nominations of Mary Bridget Neumayr to be a Member of the Council on Environmental Quality and John C. Fleming to be Assistant Secretary of Commerce for Economic Development,,Enviroment,https://www.senate.gov/isvp?type=live&comm=epw&filename=epw071918&auto_play=false
4,7/17/18,9:45 AM,https://www.epw.senate.gov/public/index.cfm/hearings?ID=69B85B0B-EFAB-487F-8BF6-92D668D9037A,"Legislative Hearing on a Discussion Draft Bill, S. __, the Endangered Species Act Amendments of 2018",,Enviroment,https://www.senate.gov/isvp?type=live&comm=epw&filename=epw071718&auto_play=false
5,7/11/18,10:00 AM,https://www.epw.senate.gov/public/index.cfm/hearings?ID=2CA19E43-9D60-4C99-BB29-2C92D374033B,The Long-term Value to U.S. Taxpayers of Low-cost Federal Infrastructure Loans,,Enviroment,https://www.senate.gov/isvp?type=live&comm=epw&filename=epw071118&auto_play=false
6,6/20/18,10:00 AM,https://www.epw.senate.gov/public/index.cfm/hearings?ID=CD81F2B4-E96F-45E2-B655-14B7E55BD8CE,Hearing on the Nominations of William Charles McIntosh and Peter C. Wright to be Assistant Administrators of the Environmental Protection Agency,,Enviroment,https://www.senate.gov/isvp?type=live&comm=epw&filename=epw062018&auto_play=false
7,6/13/18,3:00 PM,https://www.epw.senate.gov/public/index.cfm/hearings?ID=9B036A75-4352-4187-8B60-05DF4A8BE089,Oversight of the Army Corps’ Regulation of Surplus Water and the Role of States’ Rights,,Enviroment,https://www.senate.gov/isvp?type=live&comm=epw&filename=epw061318p&auto_play=false
8,6/13/18,10:00 AM,https://www.epw.senate.gov/public/index.cfm/hearings?ID=FA6787B5-F941-4C2A-983D-2DE781560503,Innovation and America’s Infrastructure: Examining the Effects of Emerging Autonomous Technologies on America’s Roads and Bridges,,Enviroment,https://www.senate.gov/isvp?type=live&comm=epw&filename=epw061318&auto_play=false
9,5/22/18,10:00 AM,https://www.epw.senate.gov/public/index.cfm/hearings?ID=964CD9C3-41E8-4EC6-AD5D-825137A92390,COMMITTEE BUSINESS MEETING,,Enviroment,https://www.senate.gov/isvp?type=live&comm=epw&filename=epw052218&auto_play=false
0,5/17/18,10:15 AM,https://www.epw.senate.gov/public/index.cfm/hearings?ID=FAE6C020-0E5B-4D16-953D-564691D195D5,"Legislative Hearing on S.2800, America’s Water Infrastructure Act of 2018",,Enviroment,https://www.senate.gov/isvp?type=live&comm=epw&filename=epw051718&auto_play=false
1,5/9/18,10:00 AM,https://www.epw.senate.gov/public/index.cfm/hearings?ID=754B22D7-63B6-403F-A83A-6855A0DECF61,"Legislative Hearing on S.___, America’s Water Infrastructure Act of 2018",,Enviroment,https://www.senate.gov/isvp?type=live&comm=epw&filename=epw050918&auto_play=false
2,4/18/18,10:00 AM,https://www.epw.senate.gov/public/index.cfm/hearings?ID=7709D274-4A28-43B8-95CD-90FE982C06BA,The Appropriate Role of States and the Federal Government in Protecting Groundwater,,Enviroment,https://www.senate.gov/isvp?type=live&comm=epw&filename=epw041818&auto_play=false
3,4/11/18,10:15 AM,https://www.epw.senate.gov/public/index.cfm/hearings?ID=55DD866C-BEE0-49C7-8491-E042F051C947,"Legislative Hearing on S. 2602, the Utilizing Significant Emissions with Innovative Technologies Act, or USE IT Act",,Enviroment,https://www.senate.gov/isvp?type=live&comm=epw&filename=epw041118&auto_play=false
4,4/10/18,10:00 AM,https://www.epw.senate.gov/public/index.cfm/hearings?ID=94D3696B-6633-4CBC-86AD-FD18A131611E,Cooperative Federalism Under the Clean Air Act: State Perspectives,,Enviroment,https://www.senate.gov/isvp?type=live&comm=epw&filename=epw041018&auto_play=false
5,3/21/18,10:00 AM,https://www.epw.senate.gov/public/index.cfm/hearings?ID=D4E9646E-4C46-495C-AE2C-5A21070937E1,Oversight of the Nuclear Regulatory Commission,,Enviroment,https://www.senate.gov/isvp?type=live&comm=epw&filename=epw032118&auto_play=false
6,3/20/18,10:00 AM,https://www.epw.senate.gov/public/index.cfm/hearings?ID=229D5A95-4309-441B-A051-CFE740123C5E,Hearing on the Nomination of John L. Ryder of Tennessee to be a Member of the Board of Directors of the Tennessee Valley Authority,,Enviroment,
7,3/14/18,10:00 AM,https://www.epw.senate.gov/public/index.cfm/hearings?ID=270F9E69-740C-46D8-9D03-7CFAB6581FEE,"S. __, the Agriculture Creates Real Employment (ACRE) Act",,Enviroment,https://www.senate.gov/isvp?type=live&comm=epw&filename=epw031418&auto_play=false
8,3/8/18,10:00 AM,https://www.epw.senate.gov/public/index.cfm/hearings?ID=E0663FDD-1020-4DA3-AD29-960C3E31652D,"Legislative Hearing on S. 2421, the Fair Agricultural Reporting Method Act",,Enviroment,https://www.senate.gov/isvp?type=live&comm=epw&filename=epw030818&auto_play=false
9,3/1/18,10:00 AM,https://www.epw.senate.gov/public/index.cfm/hearings?ID=993C02C3-83B9-473D-B4FC-17B301D39397,The Administration’s Framework for Rebuilding Infrastructure in America,,Enviroment,https://www.senate.gov/isvp?type=live&comm=epw&filename=epw030118&auto_play=false
0,2/28/18,10:00 AM,https://www.epw.senate.gov/public/index.cfm/hearings?ID=0DAFB57A-D27A-4EF8-B211-E3DA7B29F58A,Oversight: FBI Headquarters Consolidation Project,,Enviroment,https://www.senate.gov/isvp?type=live&comm=epw&filename=epw022818&auto_play=false
1,2/7/18,10:00 AM,https://www.epw.senate.gov/public/index.cfm/hearings?ID=5DF537D8-D9FE-4474-B5BA-E3CAE9AEAE7B,The Impact of Federal Environmental Regulations and Policies on American Farming and Ranching Communities,,Enviroment,https://www.senate.gov/isvp?type=live&comm=epw&filename=epw020718&auto_play=false
2,2/7/18,9:30 AM,https://www.epw.senate.gov/public/index.cfm/hearings?ID=A1791D81-5C04-4DC9-8990-83065B32E2DB,Committee Business Meeting,,Enviroment,https://www.senate.gov/isvp?type=live&comm=epw&filename=epw020718&auto_play=false
3,1/30/18,10:00 AM,https://www.epw.senate.gov/public/index.cfm/hearings?ID=8E3E883C-477F-4A6A-9F1E-1DDAADBDAF32,Oversight Hearing to Receive Testimony from Environmental Protection Agency Administrator Scott Pruitt,,Enviroment,https://www.senate.gov/isvp?type=live&comm=epw&filename=epw013018&auto_play=false
4,1/17/18,10:00 AM,https://www.epw.senate.gov/public/index.cfm/hearings?ID=301D333D-4320-44D6-AD3E-03AB014C4288,America’s Water Infrastructure Needs and Challenges: Federal Panel,,Enviroment,https://www.senate.gov/isvp?type=live&comm=epw&filename=epw011718&auto_play=false
5,1/10/18,10:00 AM,https://www.epw.senate.gov/public/index.cfm/hearings?ID=250B9FBA-D08A-45B0-96D0-C0E58E95B4F9,America’s Water Infrastructure Needs and Challenges,,Enviroment,https://www.senate.gov/isvp?type=live&comm=epw&filename=epw011018&auto_play=false
6,12/20/17,10:30 AM,https://www.epw.senate.gov/public/index.cfm/hearings?ID=0494C1B3-ED31-4290-A383-1EBCED17A068,Freight Movement: Assessing Where We Are Now And Where We Need To Go,,Enviroment,https://www.senate.gov/isvp?type=live&comm=epw&filename=epw122017&auto_play=false
7,12/13/17,10:00 AM,https://www.epw.senate.gov/public/index.cfm/hearings?ID=EF2C4E45-B5B0-4716-A960-EB40DD39D7AF,Oversight of the Nuclear Regulatory Commission,,Enviroment,https://www.senate.gov/isvp?type=live&comm=epw&filename=epw121317&auto_play=false
8,12/13/17,9:45 AM,https://www.epw.senate.gov/public/index.cfm/hearings?ID=E88BDE1E-3FE3-4744-A870-D50A2B24C94A,Committee Business Meeting,,Enviroment,https://www.senate.gov/isvp?type=live&comm=epw&filename=epw121317&auto_play=false
9,12/6/17,2:30 PM,https://www.epw.senate.gov/public/index.cfm/hearings?ID=6A04FB68-237B-4701-8087-1A142A8F3A21,Challenges Facing Superfund and Waste Cleanup Efforts Following Natural Disasters,,Enviroment,
0,12/6/17,10:00 AM,https://www.epw.senate.gov/public/index.cfm/hearings?ID=1AF25348-1CDE-4688-8F77-3DA39DC82CA4,Hearing on the Nomination of R.D. James to be Assistant Secretary of the Army for Civil Works,,Enviroment,https://www.senate.gov/isvp?type=live&comm=epw&filename=epw120617&auto_play=false
1,11/29/17,10:00 AM,https://www.epw.senate.gov/public/index.cfm/hearings?ID=A41EA019-6144-403C-B3EB-051056465E6D,COMMITTEE BUSINESS MEETING,,Enviroment,https://www.senate.gov/isvp?type=live&comm=epw&filename=epw112917&auto_play=false
2,11/28/17,10:00 AM,https://www.epw.senate.gov/public/index.cfm/hearings?ID=807B2344-9314-49E6-8435-841EFE30303D,"Hearing on the Nominations of Kenneth E. Allen, A.D. Frazier, Jeffrey Smith, and James R. Thompson III to be Members of the Board of Directors of the Tennessee Valley Authority",,Enviroment,https://www.senate.gov/isvp?type=live&comm=epw&filename=epw112817&auto_play=false
3,11/15/17,10:00 AM,https://www.epw.senate.gov/public/index.cfm/hearings?ID=9A307B2D-B63E-4E9E-BA65-C7FBEBE3A368,Promoting American Leadership in Reducing Air Emissions Through Innovation,,Enviroment,https://www.senate.gov/isvp?type=live&comm=epw&filename=epw111517&auto_play=false
4,11/14/17,10:00 AM,https://www.epw.senate.gov/public/index.cfm/hearings?ID=03FBE169-C399-40EB-AF89-C3C5FADBD524,"Hearing on S. 1857, S. 203, S. 839 and S. 1934",,Enviroment,https://www.senate.gov/isvp?type=live&comm=epw&filename=epw111417&auto_play=false
5,11/8/17,10:00 AM,https://www.epw.senate.gov/public/index.cfm/hearings?ID=C89CF8F8-14B8-4104-BB67-F333CFC582F5,Hearing on the Nominations of Kathleen Hartnett White to be a Member of the Council on Environmental Quality and Andrew Wheeler to be Deputy Administrator of the Environmental Protection Agency.,,Enviroment,https://www.senate.gov/isvp?type=live&comm=epw&filename=epw110817&auto_play=false
6,10/25/17,10:00 AM,https://www.epw.senate.gov/public/index.cfm/hearings?ID=615CD735-CB92-42B2-99D9-888AAD0CDBB6,"S. ______, the Wildfire Prevention and Mitigation Act of 2017",,Enviroment,
7,10/25/17,10:00 AM,https://www.epw.senate.gov/public/index.cfm/hearings?ID=BD78EA94-E89F-4BF0-8342-4F0C313C91A5,Committee Business Meeting,,Enviroment,https://www.senate.gov/isvp?type=live&comm=epw&filename=epw102517&auto_play=false
8,10/18/17,10:00 AM,https://www.epw.senate.gov/public/index.cfm/hearings?ID=24ACD9E8-E186-42ED-B227-1D86F7813E49,POSTPONED: Committee Business Meeting ,,Enviroment,
9,10/5/17,9:30 AM,https://www.epw.senate.gov/public/index.cfm/hearings?ID=ECAA936B-FC99-4D3B-89E4-BC94AE37E844,Hearing on the Nomination of Paul Trombino III to be Administrator of the Federal Highway Administration,,Enviroment,https://www.senate.gov/isvp?type=live&comm=epw&filename=epw100517&auto_play=false
0,10/4/17,10:00 AM,https://www.epw.senate.gov/public/index.cfm/hearings?ID=37CC8314-16F1-4D4F-9A26-297EF3D8E49D,"“Hearing on the Nominations of Michael Dourson, Matthew Leopold, David Ross, and William Wehrum to be Assistant Administrators of the Environmental Protection Agency, and Jeffery Baran to be a Member of the Nuclear Regulatory Commission.”",,Enviroment,https://www.senate.gov/isvp?type=live&comm=epw&filename=epw100417&auto_play=false
1,9/27/17,10:00 AM,https://www.epw.senate.gov/public/index.cfm/hearings?ID=8D56D171-7DFF-4BF7-B83A-87BEC1D91A42,Hearing on Forest Management to Mitigate Wildfires: Legislative Solutions,,Enviroment,https://www.senate.gov/isvp?type=live&comm=epw&filename=epw092717&auto_play=false
2,9/13/17,10:00 AM,https://www.epw.senate.gov/public/index.cfm/hearings?ID=46419E63-564B-465A-8B6A-96D9F990FDF8,"Expanding and Accelerating the Deployment and Use of Carbon Capture, Utilization, and Sequestration",,Enviroment,https://www.senate.gov/isvp?type=live&comm=epw&filename=epw091317&auto_play=false
3,8/22/17,10:00 AM,https://www.epw.senate.gov/public/index.cfm/hearings?ID=2570AAEF-523E-4D57-A4AA-E9728C68E7F1,Oversight of the Army Corps' Management of the Missouri River,,Enviroment,
4,8/2/17,10:00 AM,https://www.epw.senate.gov/public/index.cfm/hearings?ID=3C2544C2-0031-4813-8230-A7143EE5D6D2,FBI Headquarters Consolidation Project – What Happened and What’s Next,,Enviroment,https://www.senate.gov/isvp?type=live&comm=epw&filename=epw080217&auto_play=false
5,8/1/17,10:00 AM,https://www.epw.senate.gov/public/index.cfm/hearings?ID=39BE016E-71C1-49C1-90F7-A85514F5CEE4,Oversight of the U.S. Environmental Protection Agency’s Superfund Program,,Enviroment,https://www.senate.gov/isvp?type=live&comm=epw&filename=epw080117&auto_play=false
6,7/26/17,10:00 AM,https://www.epw.senate.gov/public/index.cfm/hearings?ID=D9333483-0E73-4DB6-BC99-506EB883651B,Committee Business Meeting,,Enviroment,https://www.senate.gov/isvp?type=live&comm=epw&filename=epw072617&auto_play=false
7,7/25/17,10:00 AM,https://www.epw.senate.gov/public/index.cfm/hearings?ID=B65EC8DE-D144-4109-A469-5B5F77A16540,Developing and Deploying Advanced Clean Energy Technologies,,Enviroment,https://www.senate.gov/isvp?type=live&comm=epw&filename=epw072517&auto_play=false
8,7/20/17,10:00 AM,https://www.epw.senate.gov/public/index.cfm/hearings?ID=0E706F62-B7D6-42D2-9B58-8C17EF41FCCC,Innovative Financing and Funding: Addressing America’s Crumbling Water Infrastructure,,Enviroment,https://www.senate.gov/isvp?type=live&comm=epw&filename=epw072017&auto_play=false
9,7/19/17,10:00 AM,https://www.epw.senate.gov/public/index.cfm/hearings?ID=E916EAD3-3FD3-4DEA-9082-E4EC0B8CEB75,"Legislative Hearing on S. 1514, the Hunting Heritage and Environmental Legacy Preservation (HELP) for Wildlife Act",,Enviroment,https://www.senate.gov/isvp?type=live&comm=epw&filename=epw071917&auto_play=false
0,7/12/17,10:00 AM,https://www.epw.senate.gov/public/index.cfm/hearings?ID=FB637924-3245-4C8E-93EC-D86B1CE43A3B,"The Use of TIFIA and Innovative Financing in Improving Infrastructure to Enhance Safety, Mobility, and Economic Opportunity",,Enviroment,https://www.senate.gov/isvp?type=live&comm=epw&filename=epw071217&auto_play=false
1,7/12/17,9:45 AM,https://www.epw.senate.gov/public/index.cfm/hearings?ID=90C8323E-5AED-48C7-A02A-A3F1394F8642,COMMITTEE BUSINESS MEETING,,Enviroment,https://www.senate.gov/isvp?type=live&comm=epw&filename=epw071217&auto_play=false
2,6/15/17,10:00 AM,https://www.epw.senate.gov/public/index.cfm/hearings?ID=17E4D421-68EE-46D5-A5A6-B5B751F3019D,"Business Meeting to consider the nomination of Kristine Svinicki, Member (Reappointment), U.S. Nuclear Regulatory Commission",,Enviroment,https://www.senate.gov/isvp?type=live&comm=epw&filename=epw061517&auto_play=false
3,6/14/17,10:00 AM,https://www.epw.senate.gov/public/index.cfm/hearings?ID=EB1DB91F-7DEB-4E57-AE78-A59A2DFFCC38,"Legislative Hearing on S. 517, the Consumer and Fuel Retailer Choice Act",,Enviroment,https://www.senate.gov/isvp?type=live&comm=epw&filename=epw061417&auto_play=false
4,6/13/17,10:00 AM,https://www.epw.senate.gov/public/index.cfm/hearings?ID=8A391353-EECC-4D5F-A426-848BF12054E5,"Hearing on the Nominations of Kristine Svinicki (Reappointment), Annie Caputo and David Wright to be Members of the U.S. Nuclear Regulatory Commission, and the Nomination of Susan Bodine to be Assistant Administrator of the Office of Enforcement and Compliance Assurance of the U.S. Environmental Protection Agency",,Enviroment,https://www.senate.gov/isvp?type=live&comm=epw&filename=epw061317&auto_play=false
5,5/23/17,2:30 PM,https://www.epw.senate.gov/public/index.cfm/hearings?ID=1A816462-C671-4CE8-B004-A5F062866DBD,Making Implementation of the National Ambient Air Quality Standards for Ground-Level Ozone Attainable: Legislative Hearing on S.263 and S.452,,Enviroment,https://www.senate.gov/isvp?type=live&comm=epw&filename=epw052317&auto_play=false
6,5/17/17,10:00 AM,https://www.epw.senate.gov/public/index.cfm/hearings?ID=6C627899-C281-4A5C-9DA5-4476E65D49E0,Improving America’s Transportation Infrastructure: The Road Forward,,Enviroment,https://www.senate.gov/isvp?type=live&comm=epw&filename=epw051717&auto_play=false
7,5/16/17,3:15 PM,https://www.epw.senate.gov/public/index.cfm/hearings?ID=57DBDF27-E26E-4D8E-A13E-5CA76DCDEF31,Leveraging Federal Funding: Innovative Solutions for Infrastructure,,Enviroment,https://www.senate.gov/isvp?type=live&comm=epw&filename=epw051617&auto_play=false
8,5/10/17,10:30 AM,https://www.epw.senate.gov/public/index.cfm/hearings?ID=AD42E30A-0C01-454A-B82C-ADDC6320817C,"Conservation, Consultation, and Capacity: State Views on the Need to Modernize the Endangered Species Act",,Enviroment,https://www.senate.gov/isvp?type=live&comm=epw&filename=epw051017&auto_play=false
9,5/9/17,2:30 PM,https://www.epw.senate.gov/public/index.cfm/hearings?ID=0F8E9A5F-9EEA-4DEF-927F-AAF59CA6D08B,Water Resources: The Role of the Public and Private Sectors,,Enviroment,https://www.senate.gov/isvp?type=live&comm=epw&filename=epw050917&auto_play=false
0,5/3/17,10:00 AM,https://www.epw.senate.gov/public/index.cfm/hearings?ID=E75F4F45-47F6-4876-BBF4-83C27A18A0D3,"Infrastructure Project Streamlining and Efficiency: Achieving Faster, Better, and Cheaper Results",,Enviroment,https://www.senate.gov/isvp?type=live&comm=epw&filename=epw050317&auto_play=false
1,4/26/17,10:15 AM,https://www.epw.senate.gov/public/index.cfm/hearings?ID=E5E69544-59BB-4EC5-B45B-B63236B94342,"A Review of the Technical, Scientific, and Legal Basis of the WOTUS Rule",,Enviroment,https://www.senate.gov/isvp?type=live&comm=epw&filename=epw042617&auto_play=false
2,4/5/17,10:00 AM,https://www.epw.senate.gov/public/index.cfm/hearings?ID=57A3A08D-F86A-41AA-B28E-C86F1B84AE38,"Business Meeting to consider the following Items: S. 826, S. 518, S. 692, and S. 675",,Enviroment,https://www.senate.gov/isvp?type=live&comm=epw&filename=epw040517&auto_play=false
3,3/29/17,10:00 AM,https://www.epw.senate.gov/public/index.cfm/hearings?ID=F625E0D3-125A-4D1B-8DD1-7EF86014DC71,Cleaning up our nation's Cold War legacy sites,,Enviroment,https://www.senate.gov/isvp?type=live&comm=epw&filename=epw032917&auto_play=false
4,3/28/17,2:00 PM,https://www.epw.senate.gov/public/index.cfm/hearings?ID=AC028BE2-6659-403B-BC35-C0E074AE2A12,"Legislative Hearing on S. 518, a bill to amend the Federal Water Pollution Control Act to provide for technical assistance for small treatment works, S. 692, the “Water Infrastructure Flexibility Act of 2017” and S. 675, the “Long Island Sound Restoration and Stewardship Act""",,Enviroment,https://www.senate.gov/isvp?type=live&comm=epw&filename=epw032817&auto_play=false
5,3/22/17,10:00 AM,https://www.epw.senate.gov/public/index.cfm/hearings?ID=CAFD9159-DB35-4F19-9E25-26F081D627EE,"Business Meeting to consider the following item: S. 512, Nuclear Energy Innovation and Modernization Act",,Enviroment,https://www.senate.gov/isvp?type=live&comm=epw&filename=epw032217&auto_play=false
6,3/15/17,10:00 AM,https://www.epw.senate.gov/public/index.cfm/hearings?ID=40C0CE17-9913-4336-AE5A-5EEF87975159,Examining Innovative Solutions to Control Invasive Species and Promote Wildlife Conservation,,Enviroment,https://www.senate.gov/isvp?type=live&comm=epw&filename=epw031517&auto_play=false
7,3/8/17,10:00 AM,https://www.epw.senate.gov/public/index.cfm/hearings?ID=004FC325-6ED4-433F-8E39-D5735FD2E7AA,"Legislative Hearing on S. 512, the Nuclear Energy Innovation and Modernization Act",,Enviroment,https://www.senate.gov/isvp?type=live&comm=epw&filename=epw030817&auto_play=false
8,3/1/17,,https://www.epw.senate.gov/public/index.cfm/hearings?ID=CE170B12-F9D3-4C6B-A806-2E3D0C80BE6C,Flood Control Infrastructure: Safety Questions Raised by Current Events,,Enviroment,https://www.senate.gov/isvp?type=live&comm=epw&filename=epw030117&auto_play=false
9,2/15/17,10:00 AM,https://www.epw.senate.gov/public/index.cfm/hearings?ID=72694EEF-F5BB-40CC-A382-1E8B6F7CA28C,Oversight: Modernization of the Endangered Species Act,,Enviroment,https://www.senate.gov/isvp?type=live&comm=epw&filename=epw021517&auto_play=false
0,2/8/17,10:00 AM,https://www.epw.senate.gov/public/index.cfm/hearings?ID=82518667-E24B-4CB5-BAFC-35B3FAE0D372,“Oversight: Modernizing our Nation’s Infrastructure.”,,Enviroment,https://www.senate.gov/isvp?type=live&comm=epw&filename=epw020817&auto_play=false
1,2/2/17,10:15 AM,https://www.epw.senate.gov/public/index.cfm/hearings?ID=F4856C11-964C-4ACA-9A24-61BB1807F1E6,CONTINUED BUSINESS MEETING to complete Consideration of the Following Items,,Enviroment,https://www.senate.gov/isvp?type=live&comm=epw&filename=epw020217&auto_play=false
2,2/1/17,10:45 AM,https://www.epw.senate.gov/public/index.cfm/hearings?ID=87E06C7E-6037-4CE3-A594-D0823491D2E4,Committee Business Meeting,,Enviroment,https://www.senate.gov/isvp?type=live&comm=epw&filename=epw020117&auto_play=false
3,1/18/17,10:00 AM,https://www.epw.senate.gov/public/index.cfm/hearings?ID=1FC50BFE-C59F-4815-86F8-E463582935A6,Hearing on Nomination of Attorney General Scott Pruitt to be Administrator of the U.S. Environmental Protection Agency.,,Enviroment,https://www.senate.gov/isvp?type=live&comm=epw&filename=epw011817&auto_play=false
4,11/15/16,5:30 PM,https://www.epw.senate.gov/public/index.cfm/hearings?ID=AEA317F6-6B83-4A7B-91D6-7888CF1C6CC2,EPW Business Meeting: 12 GSA Resolutions,,Enviroment,
5,10/20/16,6:00 PM,https://www.epw.senate.gov/public/index.cfm/hearings?ID=D446607B-8F4A-44E8-99FE-3202F349E16C,Examining the Impacts of the Federal African Elephant Ivory Ban and Related State Laws,,Enviroment,
6,10/5/16,1:00 PM,https://www.epw.senate.gov/public/index.cfm/hearings?ID=CFCC8B6F-2B19-4E0A-9BAF-9BB60662F4D2,Examining the Local Impacts of EPA’s Climate Regulations,,Enviroment,
7,9/21/16,2:30 PM,https://www.epw.senate.gov/public/index.cfm/hearings?ID=2AE3A132-2CDC-44C2-B8F5-8495D9A2161F,Reviewing the Proposed Revisions to the U.S. Fish and Wildlife Service Mitigation Policy,,Enviroment,https://www.senate.gov/isvp?type=live&comm=epw&filename=epw092116&auto_play=false
8,8/30/16,1:00 PM,https://www.epw.senate.gov/public/index.cfm/hearings?ID=A742E1D4-4098-4064-BD9F-1AFF01462ABE,Oversight of the Impact of U.S. Environmental Protection Agency and Fish and Wildlife Service Regulations on Citizens’ Private Property Rights,,Enviroment,
9,6/29/16,2:30 PM,https://www.epw.senate.gov/public/index.cfm/hearings?ID=E6505CA2-FBD0-4534-8ADD-11858F59F0C7,Oversight of U.S. Environmental Protection Agency Enforcement and Compliance Programs,,Enviroment,https://www.senate.gov/isvp?type=live&comm=epw&filename=epw062916&auto_play=false
0,6/22/16,2:30 PM,https://www.epw.senate.gov/public/index.cfm/hearings?ID=15FD0E7B-9C62-42E4-BD49-4C51F01474C7,Examining Pathways Towards Compliance of the National Ambient Air Quality Standard for Ground-Level Ozone: Legislative Hearing on S. 2882 and S.2072,,Enviroment,https://www.senate.gov/isvp?type=live&comm=epw&filename=epw062216&auto_play=false
1,6/14/16,3:00 PM,https://www.epw.senate.gov/public/index.cfm/hearings?ID=DEE45599-A0A3-4281-A6D9-406EAA905372,Oversight of the Environmental Protection Agency’s Progress in Implementing Inspector General and Government Accountability Office Recommendations,,Enviroment,https://www.senate.gov/isvp?type=live&comm=epw&filename=epw061416&auto_play=false
2,6/9/16,9:30 AM,https://www.epw.senate.gov/public/index.cfm/hearings?ID=AA158569-8E18-4353-9468-8BD1960BA912,Implications of the Supreme Court Stay of the Clean Power Plan,,Enviroment,https://www.senate.gov/isvp?type=live&comm=epw&filename=epw060916&auto_play=false
3,6/7/16,2:30 PM,https://www.epw.senate.gov/public/index.cfm/hearings?ID=5142021C-B4FF-4744-894E-37BCB750DBF3,"Oversight of EPA Unfunded Mandates on State, Local, and Tribal Governments",,Enviroment,https://www.senate.gov/isvp?type=live&comm=epw&filename=epw060716&auto_play=false
4,5/24/16,2:30 PM,https://www.epw.senate.gov/public/index.cfm/hearings?ID=3F9479F7-CA54-44B6-A202-631D86380A66,Erosion of Exemptions and Expansion of Federal Control –Implementation of the Definition of Waters of the United States,,Enviroment,https://www.senate.gov/isvp?type=live&comm=epw&filename=epw052416&auto_play=false
5,5/18/16,9:30 AM,https://www.epw.senate.gov/public/index.cfm/hearings?ID=08B7E670-75A9-4DD9-85C7-D5C68AB07F55,Business Meeting,,Enviroment,https://www.senate.gov/isvp?type=live&comm=epw&filename=epw051816&auto_play=false
6,5/17/16,10:00 AM,https://www.epw.senate.gov/public/index.cfm/hearings?ID=39FD807A-6BBA-4E83-8E9E-5A5DFF81C66B,"Marine Debris and Wildlife: Impacts, Sources, and Solutions",,Enviroment,https://www.senate.gov/isvp?type=live&comm=epw&filename=epw051716&auto_play=false
7,4/28/16,9:00 AM,https://www.epw.senate.gov/public/index.cfm/hearings?ID=66439CCB-6428-4A82-B3BB-2D75E67D6B2C,Business Meeting,,Enviroment,https://www.senate.gov/isvp?type=live&comm=epw&filename=epw042816&auto_play=false
8,4/21/16,9:45 AM,https://www.epw.senate.gov/public/index.cfm/hearings?ID=25CCB2F0-95EA-41F6-AC64-C5CB97304232,"Enabling Advanced Reactors and a Legislative Hearing on S.2795, “the Nuclear Energy Innovation and Modernization Act.”",,Enviroment,https://www.senate.gov/isvp?type=live&comm=epw&filename=epw042116&auto_play=false
9,4/20/16,10:00 AM,https://www.epw.senate.gov/public/index.cfm/hearings?ID=E66B542F-0585-4454-A9CA-06ABAE43367A,New Approaches and Innovative Technologies to Improve Water Supply,,Enviroment,https://www.senate.gov/isvp?type=live&comm=epw&filename=epw042016&auto_play=false
0,4/19/16,10:00 AM,https://www.epw.senate.gov/public/index.cfm/hearings?ID=FE189FF7-93E6-4580-A8AB-5320210F6B34,Examining the President’s FY 2017 budget request for the U.S. Environmental Protection Agency,,Enviroment,https://www.senate.gov/isvp?type=live&comm=epw&filename=epw041916&auto_play=false
1,4/13/16,9:30 AM,https://www.epw.senate.gov/public/index.cfm/hearings?ID=275284A1-D49D-4349-A317-F7D0532492F4,Examining the Role of Environmental Policies on Access to Energy and Economic Opportunity,,Enviroment,https://www.senate.gov/isvp?type=live&comm=epw&filename=epw041316&auto_play=false
2,4/12/16,2:30 PM,https://www.epw.senate.gov/public/index.cfm/hearings?ID=D7DD55B0-7523-4CF1-8FF5-00E3240319FE,American Small Businesses’ Perspectives on Environmental Protection Agency Regulatory Actions,,Enviroment,https://www.senate.gov/isvp?type=live&comm=epw&filename=epw041216&auto_play=false
3,4/7/16,10:00 AM,https://www.epw.senate.gov/public/index.cfm/hearings?ID=6F546780-A36E-44FE-9C5B-6B797D7F00A6,The Federal Role in Keeping Water and Wastewater Infrastructure Affordable,,Enviroment,https://www.senate.gov/isvp?type=live&comm=epw&filename=epw040716&auto_play=false
4,4/6/16,10:00 AM,https://www.epw.senate.gov/public/index.cfm/hearings?ID=95FE913B-EC38-4129-983D-25D885ACE985,Oversight Hearing: The President’s FY 2017 Budget Request for the Nuclear Regulatory Commission,,Enviroment,https://www.senate.gov/isvp?type=live&comm=epw&filename=epw040616&auto_play=false
5,3/31/16,1:00 PM,https://www.epw.senate.gov/public/index.cfm/hearings?ID=C7294240-68E8-4F39-85FF-CED180233855,Five Years from the Flood:  Oversight of the Army Corps’ Management of the Missouri River and Suggestions for Improvement,,Enviroment,
6,3/16/16,10:00 AM,https://www.epw.senate.gov/public/index.cfm/hearings?ID=1037775D-BBF5-4313-9A61-869623D7CF7F,The 2016 Water Resources Development Act – Policies and Projects,,Enviroment,https://www.senate.gov/isvp?type=live&comm=epw&filename=epw031616&auto_play=false
7,3/9/16,9:30 AM,https://www.epw.senate.gov/public/index.cfm/hearings?ID=B883099D-3133-41A4-88A1-A144B918F5BD,Cooperative Federalism: State Perspectives on EPA Regulatory Actions and the Role of States as Co-Regulators,,Enviroment,https://www.senate.gov/isvp?type=live&comm=epw&filename=epw030916&auto_play=false
8,3/2/16,9:30 AM,https://www.epw.senate.gov/public/index.cfm/hearings?ID=71638EF9-8965-4A49-8BCD-5CDDDA0A16F6,Economic Opportunities from Land Cleanup Programs and a Legislative Hearing on 3 Measures,,Enviroment,https://www.senate.gov/isvp?type=live&comm=epw&filename=epw030216&auto_play=false
9,2/24/16,10:00 AM,https://www.epw.senate.gov/public/index.cfm/hearings?ID=029AFD91-E4D1-48D6-B2DA-BAA43B9EA4DF,Oversight of the Renewable Fuel Standard,,Enviroment,https://www.senate.gov/isvp?type=live&comm=epw&filename=epw022416&auto_play=false
0,2/10/16,10:00 AM,https://www.epw.senate.gov/public/index.cfm/hearings?ID=F8A0C8CC-D434-4CE1-B135-FE27586D25B6,The Importance of Enacting a New Water Resources Development Act,,Enviroment,https://www.senate.gov/isvp?type=live&comm=epw&filename=epw021016&auto_play=false
1,2/9/16,2:30 PM,https://www.epw.senate.gov/public/index.cfm/hearings?ID=260247A5-834F-40D7-92AE-F9CD3F9C8CC7,Federal Interactions with State Management of Fish and Wildlife,,Enviroment,https://www.senate.gov/isvp?type=live&comm=epw&filename=epw020916&auto_play=false
2,2/3/16,9:30 AM,https://www.epw.senate.gov/public/index.cfm/hearings?ID=688F32C1-A831-44DF-AA96-14B448217CB9,The Stream Protection Rule: Impacts on the Environment and Implications for Endangered Species Act and Clean Water Act Implementation,,Enviroment,https://www.senate.gov/isvp?type=live&comm=epw&filename=epw020316&auto_play=false
3,1/20/16,10:00 AM,https://www.epw.senate.gov/public/index.cfm/hearings?ID=E4B9C176-46DC-40EB-A4E9-9A7E2C4D57EC,"Markup of Six Bills, 32 GSA Resolutions",,Enviroment,https://www.senate.gov/isvp?type=live&comm=epw&filename=epw012016&auto_play=false
4,11/18/15,9:30 AM,https://www.epw.senate.gov/public/index.cfm/hearings?ID=0BFAE2BB-416F-40A1-9698-5BED0FE72BDC,Examining the International Climate Negotiations,,Enviroment,https://www.senate.gov/isvp?type=live&comm=epw&filename=epw111815&auto_play=false
5,10/21/15,10:00 AM,https://www.epw.senate.gov/public/index.cfm/hearings?ID=D04CBC93-8FD7-461E-BCE1-C3B0D1F77126,Oversight of Regulatory Impact Analyses for U.S. Environmental Protection Agency Regulations,,Enviroment,https://www.senate.gov/isvp?type=live&comm=epw&filename=epw102115&auto_play=false
6,10/7/15,9:15 AM,https://www.epw.senate.gov/public/index.cfm/hearings?ID=98A81A9B-5A32-4A5C-A4A9-B783C36A8C2F,Oversight of the Nuclear Regulatory Commission,,Enviroment,https://www.senate.gov/isvp?type=live&comm=epw&filename=epw100715&auto_play=false
7,9/30/15,9:45 AM,https://www.epw.senate.gov/public/index.cfm/hearings?ID=4F8EF1D1-CE2E-4387-AA6C-6674ACFBBECC,Oversight of the Army Corps of Engineers’ Participation in the Development of the New Regulatory Definition of “Waters of the United States”,,Enviroment,https://www.senate.gov/isvp?type=live&comm=epw&filename=epw093015&auto_play=false
8,9/29/15,1:45 PM,https://www.epw.senate.gov/public/index.cfm/hearings?ID=2C35FDB9-07B0-46D7-B7EF-EB5F4E07AC17,Improving the Endangered Species Act: Perspectives from the Fish and Wildlife Service and State Governors,,Enviroment,https://www.senate.gov/isvp?type=live&comm=epw&filename=epw092915p&auto_play=false
9,9/29/15,9:30 AM,https://www.epw.senate.gov/public/index.cfm/hearings?ID=4E639273-4466-4545-8761-10AE9CBFF339,Economy-wide Implications of President Obama’s Air Agenda,,Enviroment,https://www.senate.gov/isvp?type=live&comm=epw&filename=epw092915&auto_play=false
0,9/16/15,9:45 AM,https://www.epw.senate.gov/public/index.cfm/hearings?ID=F29C26AA-F10E-494B-B455-52B87AD8515B,"Oversight of the Cause, Response, and Impacts of EPA’s Gold King Mine Disaster  ",,Enviroment,
1,9/1/15,11:00 AM,https://www.epw.senate.gov/public/index.cfm/hearings?ID=47333E35-928E-45F0-8239-F9932614C0B3,Impacts of EPA’s Proposed Ozone Standard on Manufacturing and Utilities,,Enviroment,
2,8/17/15,6:00 PM,https://www.epw.senate.gov/public/index.cfm/hearings?ID=ACF5339A-FAB1-4B64-8355-4D913B1C3E06,Mat-Su Field Hearing on Federal Land Management Practices and Mitigation Requirements,,Enviroment,
3,8/5/15,9:30 AM,https://www.epw.senate.gov/public/index.cfm/hearings?ID=755647D0-9859-4982-8326-CB7025F3F2C9,"Business Meeting to Consider Markup, Four GSA Resolutions",,Enviroment,
4,8/4/15,9:30 AM,https://www.epw.senate.gov/public/index.cfm/hearings?ID=153249BA-B091-4899-8CEE-1E4D4C4AC00B,"Oversight of Litigation at EPA and FWS: Impacts on the U.S. Economy, States, Local Communities and the Environment",,Enviroment,https://www.senate.gov/isvp?type=live&comm=epw&filename=epw080415&auto_play=false
5,7/15/15,9:15 AM,https://www.epw.senate.gov/public/index.cfm/hearings?ID=4935C5DC-8848-4FB3-8DCF-AFC94DEB124E,"Nomination hearing for Kristen Kulinowski to CSB, Greg Nadeau to FHWA ",,Enviroment,
6,7/8/15,10:00 AM,https://www.epw.senate.gov/public/index.cfm/hearings?ID=99E70038-D5CB-4E63-8695-231AB995D089,Road to Paris: Examining the President’s International Climate Agenda and Implications for Domestic Environmental Policy,,Enviroment,https://www.senate.gov/isvp?type=live&comm=epw&filename=epw070815&auto_play=false
7,6/24/15,9:30 AM,https://www.epw.senate.gov/public/index.cfm/hearings?ID=AF396D38-FCDB-476F-9F49-7BD234797E84," Business Meeting entitled, ""S. 1647, the Developing a Reliable and Innovative Vision for the Economy Act""",,Enviroment,https://www.senate.gov/isvp?type=live&comm=epw&filename=epw062415&auto_play=false
8,6/23/15,2:00 PM,https://www.epw.senate.gov/public/index.cfm/hearings?ID=4B4A21BC-411A-49C2-9E7E-BCAAFE9D835C," The Impacts of EPA’s proposed Carbon Regulations on Electricity Costs for American Businesses, Rural Communities and Families, and a legislative hearing on S. 1324",,Enviroment,https://www.senate.gov/isvp?type=live&comm=epw&filename=epw062315&auto_play=false
9,6/17/15,9:30 AM,https://www.epw.senate.gov/public/index.cfm/hearings?ID=C8260011-E3FB-4833-B29B-861F37BC3FEA,Oversight of the Environmental Protection Agency’s Final Rule to Regulate Disposal of Coal Combustion Residuals from Electric Utilities,,Enviroment,
