,Date,Time,URL,Title,Location,Committee,Date Scraped,witnesses,video_url,Unnamed: 0,Unnamed: 0.1,Unnamed: 0.1.1,Unnamed: 0.1.1.1,Unnamed: 0.1.1.1.1,Unnamed: 0.1.1.1.1.1,Unnamed: 0.1.1.1.1.1.1,Unnamed: 0.1.1.1.1.1.1.1,Unnamed: 0.1.1.1.1.1.1.1.1,Unnamed: 0.1.1.1.1.1.1.1.1.1,Unnamed: 0.1.1.1.1.1.1.1.1.1.1,Unnamed: 0.1.1.1.1.1.1.1.1.1.1.1,Unnamed: 0.1.1.1.1.1.1.1.1.1.1.1.1,Unnamed: 0.1.1.1.1.1.1.1.1.1.1.1.1.1
0,01/05/22,10:00AM,https://www.rules.senate.gov/hearings/oversight-of-the-us-capitol-police-following-the-january-6th-attack-on-the-capitol-part-iii,"Oversight:Oversight of the U.S. Capitol Police following the January 6th Attack on the Capitol, Part III",Russell Senate Office Building SR-301,Rules,2021-12-20,['J. ThomasManger'],,,,,,,,,,,,,,,
1,12/07/21,10:00AM,https://www.rules.senate.gov/hearings/oversight-of-the-us-capitol-police-following-the-january-6th-attack-on-the-capitol-part-ii,"Oversight:Oversight of the U.S. Capitol Police following the January 6th Attack on the Capitol, Part II",Russell Senate Office Building SR-301,Rules,2021-12-20,"['Amy Klobuchar', 'MichaelBolton']",https://www.rules.senate.gov/hearings/watch?hearingid=5D2929B7-5056-A066-607A-FF25C3D416CE,,,,,,,,,,,,,,
2,10/26/21,02:30PM,https://www.rules.senate.gov/hearings/emerging-threats-to-election-administration,Full Committee Hearing:Emerging Threats to Election Administration,Russell Senate Office Building SR-301,Rules,2021-12-20,"['KatieHobbs', 'Michael G.Adams', 'AlSchmidt', 'MattMasterson', 'WadeHenderson']",https://www.rules.senate.gov/hearings/watch?hearingid=F978EB23-5056-A066-60D8-6D676F585CA7,,,,,,,,,,,,,,
3,10/20/21,03:00PM,https://www.rules.senate.gov/hearings/oversight-of-library-of-congress-modernization-efforts,Oversight:Oversight of Library of Congress Modernization Efforts,Russell Senate Office Building SR-301,Rules,2021-12-20,"['Roy Blunt', 'Amy Klobuchar', 'CarlaHayden', 'ShiraPerlmutter', 'MaryMazanec', 'JasonBroughton']",https://www.rules.senate.gov/hearings/watch?hearingid=FC30FDC4-5056-A066-609B-66C8A0B4FF7A,,,,,,,,,,,,,,
4,07/19/21,10:00AM,https://www.rules.senate.gov/hearings/protecting-the-freedom-to-vote-recent-changes-to-georgia-voting-laws-and-the-need-for-basic-federal-standards-to-make-sure-all-americans-can-vote-in-the-way-that-works-best-for-them,Field Hearing:Protecting the Freedom to Vote: Recent changes to Georgia voting laws and the need for basic federal standards to make sure all Americans can vote in the way that works best for them,"National Center for Civil and Human Rights, 100 Ivan Allen Jr Blvd NW, Atlanta, GA 30313 ",Rules,2021-12-20,"['Amy Klobuchar', 'RaphaelWarnock', 'BillyMitchell', 'SallyHarrell', 'HelenButler', 'JoséSegarra']",https://www.rules.senate.gov/hearings/watch?hearingid=0F8E6E21-5056-A066-6096-A5FF43C0C80C,,,,,,,,,,,,,,
5,06/23/21,04:10PM,https://www.rules.senate.gov/hearings/06/23/2021/joint-committee-on-the-library,Organizational Meeting:JOINT COMMITTEE ON THE LIBRARY,,Rules,2021-12-20,[],https://www.rules.senate.gov/hearings/watch?hearingid=3D1E6DC1-5056-A066-6070-55DB0A2C355D,,,,,,,,,,,,,,
6,06/23/21,04:00PM,https://www.rules.senate.gov/hearings/06/23/2021/joint-committee-on-printing,Organizational Meeting:JOINT COMMITTEE ON PRINTING,,Rules,2021-12-20,[],https://www.rules.senate.gov/hearings/watch?hearingid=3CEEEFBA-5056-A066-609E-682DE17B81D4,,,,,,,,,,,,,,
7,06/16/21,02:15PM,https://www.rules.senate.gov/hearings/oversight-of-the-us-capitol-police-following-the-january-6th-attack-on-the-capitol,Oversight:Oversight of the U.S. Capitol Police following the January 6th Attack on the Capitol,Russell Senate Office Building SR-301,Rules,2021-12-20,"['Amy Klobuchar', 'MichaelBolton']",https://www.rules.senate.gov/hearings/watch?hearingid=7214FDD3-5056-A066-603A-08E6D64803FF,,,,,,,,,,,,,,
8,05/11/21,10:00AM,https://www.rules.senate.gov/hearings/business-meeting,Business Meeting:Business Meeting,Russell Senate Office Building SR-301,Rules,2021-12-20,"['Charles Schumer', 'Amy Klobuchar', 'Roy Blunt']",https://www.rules.senate.gov/hearings/watch?hearingid=2CCFD83C-5056-A066-60A5-9CD6A07DC283,,,,,,,,,,,,,,
9,03/24/21,10:00AM,https://www.rules.senate.gov/hearings/s1-the-for-the-people-act,"Full Committee Hearing:S.1, the For the People Act",Russell Senate Office Building 301,Rules,2021-12-20,"['Amy Klobuchar', 'Roy Blunt', 'EricHolder', 'JocelynBenson', 'MichaelWaldman', 'MacWarner', 'ToddRokita', 'TrevorPotter', 'FredWertheimer', 'TiffanyMuller', 'BradleySmith', 'LeeGoodman']",https://www.rules.senate.gov/hearings/watch?hearingid=92E7CB0D-5056-A066-6054-8B48164806BF,,,,,,,,,,,,,,
10,03/03/21,10:00AM,https://www.rules.senate.gov/hearings/examining-the-january-6th-attack-on-the-us-capitol-part-ii,"Joint Full Committee Hearing:Examining the January 6th Attack on the U.S. Capitol, Part II",Dirksen SD-G50,Rules,2021-12-20,"['Roy Blunt', 'Amy Klobuchar', 'William J.Walker', 'Melissa Smislova', 'Jill Sanborn', 'Robert Salesses']",https://www.rules.senate.gov/hearings/watch?hearingid=4F62F069-5056-A066-60EB-BDE16AD69D69,,,,,,,,,,,,,,
11,02/23/21,10:00AM,https://www.rules.senate.gov/hearings/examining-the-january-6th-attack-on-the-us-capitol,Joint Full Committee Hearing:Examining the January 6th Attack on the U.S. Capitol,Dirksen G50,Rules,2021-12-03,"['Amy Klobuchar', 'Roy Blunt', 'Paul D.Irving', 'Steven A.Sund', 'Michael C.Stenger', 'Robert J.Contee III']",https://www.rules.senate.gov/hearings/watch?hearingid=BA0E3F52-5056-A066-6078-13F30593703C,10.0,10.0,10.0,10.0,,,,,,,,,,
12,02/22/21,05:45PM,https://www.rules.senate.gov/hearings/business-meeting-committee-rules-and-budget-authorization-and-omnibus-committee-funding-resolution,"Business Meeting:Business Meeting Committee Rules and Budget Authorization, and Omnibus Committee Funding Resolution",Capitol S-219,Rules,2021-11-22,[],https://www.rules.senate.gov/hearings/watch?hearingid=B9B2FEF7-5056-A066-60C8-50591668F8F5,11.0,11.0,11.0,11.0,11.0,11.0,11.0,11.0,11.0,11.0,11.0,10.0,10.0,10.0
13,12/03/20,10:00AM,https://www.rules.senate.gov/hearings/business-meeting-on-members-of-the-federal-election-commission-s-959-and-hr-2420,"Business Meeting:Business Meeting on Members of the Federal Election Commission, S. 959, and H.R. 2420",Russell 301,Rules,2021-11-22,[],https://www.rules.senate.gov/hearings/watch?hearingid=0955D6B4-5056-A066-6083-D87FDD1DA69A,12.0,12.0,12.0,12.0,12.0,12.0,12.0,12.0,12.0,12.0,12.0,11.0,11.0,11.0
14,11/18/20,10:00AM,https://www.rules.senate.gov/hearings/nomination-hearing-for-members-of-the-federal-election-commission,Full Committee Hearing:Nomination Hearing for Members of the Federal Election Commission,Russell 301,Rules,2021-11-22,"['Roy Blunt', 'Allen Dickerson', '   Sean J. Cooksey', ' Shana M. Broussard']",https://www.rules.senate.gov/hearings/watch?hearingid=0DA4376E-5056-A066-605C-5371CE80E409,13.0,13.0,13.0,13.0,13.0,13.0,13.0,13.0,13.0,13.0,13.0,12.0,12.0,12.0
15,11/17/20,10:00AM,https://www.rules.senate.gov/hearings/hearing-to-review-s959-smithsonian-american-womens-history-museum-act-and-s1267-national-museum-of-the-american-latino-act,"Full Committee Hearing:Hearing to Review S.959, Smithsonian American Women's History Museum Act; and S.1267, National Museum of the American Latino Act",Russell 301,Rules,2021-11-22,"['Roy Blunt', 'SusanCollins', 'JohnCornyn', 'RobertMenendez', 'Lonnie G. Bunch III', 'JaneAbraham', 'EvaLongoria Bastón', 'CiCiRojas', 'DannyVargas']",https://www.rules.senate.gov/hearings/watch?hearingid=0D6A619F-5056-A066-6023-68FB81D8DC85,14.0,14.0,14.0,14.0,14.0,14.0,14.0,14.0,14.0,14.0,14.0,13.0,13.0,13.0
16,07/22/20,10:30AM,https://www.rules.senate.gov/hearings/2020-general-election-preparations,Full Committee Hearing:2020 General Election Preparations,Russell 301,Rules,2021-11-22,"['Roy Blunt', 'KristenClarke', 'RickStream', 'MacWarner', 'TreHargett']",https://www.rules.senate.gov/hearings/watch?hearingid=1507211E-5056-A066-6030-7A3D0407767F,15.0,15.0,15.0,15.0,15.0,15.0,15.0,15.0,15.0,15.0,15.0,14.0,14.0,14.0
17,06/30/20,10:30AM,https://www.rules.senate.gov/hearings/joint-congressional-committee-on-inaugural-ceremonies,Organizational Meeting:Joint Congressional Committee on Inaugural Ceremonies,U.S. Capitol  S-207,Rules,2021-11-22,[],https://www.rules.senate.gov/hearings/watch?hearingid=156F7B3D-5056-A066-608E-77016DB7B12A,16.0,16.0,16.0,16.0,16.0,16.0,16.0,16.0,16.0,16.0,16.0,15.0,15.0,15.0
18,05/07/20,10:30AM,https://www.rules.senate.gov/hearings/business-meeting-for-nomination-of-james-e-trainor,Business Meeting:Business Meeting for Nomination of James E. Trainor,Russell 301,Rules,2021-11-22,['Roy Blunt'],https://www.rules.senate.gov/hearings/watch?hearingid=FC3BD51A-5056-A066-60C5-D8F68F405020,17.0,17.0,17.0,17.0,17.0,17.0,17.0,17.0,17.0,17.0,17.0,16.0,16.0,16.0
19,03/10/20,11:00AM,https://www.rules.senate.gov/hearings/nomination-hearing-for-a-member-of-the-federal-election-commission,Full Committee Hearing:Nomination Hearing for a Member of the Federal Election Commission,Russell 301,Rules,2021-11-22,"['Roy Blunt', 'James E. (Trey)Trainor III']",https://www.rules.senate.gov/hearings/watch?hearingid=59F7A933-5056-A066-6001-EFF3D5FBE91D,18.0,18.0,18.0,18.0,18.0,18.0,18.0,18.0,18.0,18.0,18.0,17.0,17.0,17.0
20,12/16/19,05:45PM,https://www.rules.senate.gov/hearings/business-meeting-for-nomination-of-james-brett-blanton,Business Meeting:Business Meeting for Nomination Of James Brett Blanton,U.S. Capitol S-219,Rules,2021-11-22,[],,19.0,19.0,19.0,19.0,19.0,19.0,19.0,19.0,19.0,19.0,19.0,18.0,18.0,18.0
21,12/12/19,10:00AM,https://www.rules.senate.gov/hearings/nomination-hearing-for-the-architect-of-the-capitol,Nomination Hearing:Nomination Hearing for the Architect of the Capitol,Russell  301,Rules,2021-11-22,['J. BrettBlanton'],https://www.rules.senate.gov/hearings/watch?hearingid=3F53155F-5056-A066-601F-5C06C7D00470,20.0,20.0,20.0,20.0,20.0,20.0,20.0,20.0,20.0,20.0,20.0,19.0,19.0,19.0
22,11/18/19,05:45PM,https://www.rules.senate.gov/hearings/nomination-of-hugh-nathanial-halpern,Business Meeting:Nomination of Hugh Nathanial Halpern,U.S. Capitol S-219,Rules,2021-11-22,[],,21.0,21.0,21.0,21.0,21.0,21.0,21.0,21.0,21.0,21.0,21.0,20.0,20.0,20.0
23,11/14/19,11:00AM,https://www.rules.senate.gov/hearings/nomination-hearing-for-director-of-the-government-publishing-office,Nomination Hearing:Nomination Hearing for Director of the Government Publishing Office,,Rules,2021-11-22,['Hugh Nathanial Halpern'],https://www.rules.senate.gov/hearings/watch?hearingid=01DF2F12-5056-A066-603E-CD7173896728,22.0,22.0,22.0,22.0,22.0,22.0,22.0,22.0,22.0,22.0,22.0,21.0,21.0,21.0
24,11/14/19,10:00AM,https://www.rules.senate.gov/hearings/annual-oversight-hearing-of-the-smithsonian-institution,Full Committee Hearing:Annual Oversight Hearing of the Smithsonian Institution,Russell  301,Rules,2021-11-22,"['Roy Blunt', 'Lonnie G. Bunch III']",https://www.rules.senate.gov/hearings/watch?hearingid=CF4C930C-5056-A066-6069-CDA12FA7C9D7,23.0,23.0,23.0,23.0,23.0,23.0,23.0,23.0,23.0,23.0,23.0,22.0,22.0,22.0
25,11/07/19,10:00AM,https://www.rules.senate.gov/hearings/library-of-congress-modernization-oversight,Full Committee Hearing:Library of Congress Modernization Oversight,Russell  301,Rules,2021-11-22,"['Karyn A.Temple', 'Bernard A.Barton, Jr.', 'CarlaHayden']",https://www.rules.senate.gov/hearings/watch?hearingid=636DEB20-5056-A066-6097-A5F9FA1CDEB2,24.0,24.0,24.0,24.0,24.0,24.0,24.0,24.0,24.0,24.0,24.0,23.0,23.0,23.0
26,07/24/19,11:00AM,https://www.rules.senate.gov/hearings/oversight-of-the-government-publishing-office_-office-of-the-inspector-general,Full Committee Hearing:Oversight of the Government Publishing Office - Office of the Inspector General,Russell  301,Rules,2021-11-22,['MichaelLeary'],https://www.rules.senate.gov/hearings/watch?hearingid=AB730F0E-5056-A066-6076-BAD9FD39CF3C,25.0,25.0,25.0,25.0,25.0,25.0,25.0,25.0,25.0,25.0,25.0,24.0,24.0,24.0
27,05/15/19,02:30PM,https://www.rules.senate.gov/hearings/oversight-of-the-us-election-assistance-commission,Full Committee Hearing:Oversight of the U.S. Election Assistance Commission,Russell 301,Rules,2021-11-22,"['Roy Blunt', 'ThomasHicks', 'DonaldPalmer', 'BenjaminHovland', 'Christy McCormick']",https://www.rules.senate.gov/hearings/watch?hearingid=FDD53879-5056-A066-60F5-163850A80BB0,26.0,26.0,26.0,26.0,26.0,26.0,26.0,26.0,26.0,26.0,26.0,25.0,25.0,25.0
28,04/30/19,11:20AM,https://www.rules.senate.gov/hearings/04/29/2019/joint-committee-on-the-library,Organizational Meeting:Joint Committee on the Library,U.S. Capitol S-219,Rules,2021-11-22,[],,27.0,27.0,27.0,27.0,27.0,27.0,27.0,27.0,27.0,27.0,27.0,26.0,26.0,26.0
29,03/27/19,10:30AM,https://www.rules.senate.gov/hearings/annual-oversight-of-the-smithsonian-institution,Full Committee Hearing:Annual Oversight of the Smithsonian Institution,Russell 301,Rules,2021-11-22,"['Roy Blunt', 'David J. Skorton']",https://www.rules.senate.gov/hearings/watch?hearingid=1F2C969B-5056-A066-6064-2A3073B1AB92,28.0,28.0,28.0,28.0,28.0,28.0,28.0,28.0,28.0,28.0,28.0,27.0,27.0,27.0
30,03/06/19,10:30AM,https://www.rules.senate.gov/hearings/annual-oversight-of-the-library-of-congress,Full Committee Hearing:Annual Oversight of the Library of Congress,Russell 301,Rules,2021-11-22,"['Roy Blunt', 'CarlaHayden']",https://www.rules.senate.gov/hearings/watch?hearingid=EA09FAEF-5056-A066-60FE-50510E31A8DC,29.0,29.0,29.0,29.0,29.0,29.0,29.0,29.0,29.0,29.0,29.0,28.0,28.0,28.0
31,02/13/19,10:30AM,https://www.rules.senate.gov/hearings/full-committee-business-meeting,Business Meeting:Full Committee Business Meeting,Russell 301,Rules,2021-11-22,[],https://www.rules.senate.gov/hearings/watch?hearingid=AD10AF57-5056-A066-606B-5D9F6B8D41E9,30.0,30.0,30.0,30.0,30.0,30.0,30.0,30.0,30.0,30.0,30.0,29.0,29.0,29.0
32,01/29/19,12:15PM,https://www.rules.senate.gov/hearings/postponed-rules-committee-budget-and-committee-rules,Business Meeting:POSTPONED Rules Committee Budget and Committee Rules,U.S. Capitol  S-219,Rules,2021-11-22,[],https://www.rules.senate.gov/hearings/watch?hearingid=AE46D6C2-5056-A066-60F0-B050BD8E3B0F,31.0,31.0,31.0,31.0,31.0,31.0,31.0,31.0,31.0,31.0,31.0,30.0,30.0,30.0
33,12/12/18,10:00AM,https://www.rules.senate.gov/hearings/postponed-s-1010-the-register-of-copyrights-selection-and-accountability-act,"Markup:POSTPONED S. 1010, the Register of Copyrights Selection and Accountability Act",Russell  301,Rules,2021-11-22,[],,32.0,32.0,32.0,32.0,32.0,32.0,32.0,32.0,32.0,32.0,32.0,31.0,31.0,31.0
34,12/06/18,11:00AM,https://www.rules.senate.gov/hearings/oversight-of-the-architect-of-the-capitols-human-resources-policies,Oversight:Oversight of the Architect of the Capitol's Human Resources Policies,Russell 301,Rules,2021-11-22,"['Roy Blunt', 'ChristineMerdon']",https://www.rules.senate.gov/hearings/watch?hearingid=FDEFD7DE-5056-A066-60FE-EDBCAE792B0C,33.0,33.0,33.0,33.0,33.0,33.0,33.0,33.0,33.0,33.0,33.0,32.0,32.0,32.0
35,12/05/18,04:00PM,https://www.rules.senate.gov/hearings/nominations-of-donald-l-palmer-and-benjamin-w-hovland,Business Meeting:Nominations of Donald L. Palmer and Benjamin W. Hovland,Capitol S-219,Rules,2021-11-22,[],,34.0,34.0,34.0,34.0,34.0,34.0,34.0,34.0,34.0,34.0,34.0,33.0,33.0,33.0
36,11/28/18,02:30PM,https://www.rules.senate.gov/hearings/nomination-hearing-for-donald-l-palmer-and-benjamin-w-hovland,Nomination Hearing:Nomination Hearing for Donald L. Palmer and Benjamin W. Hovland,Russell  301,Rules,2021-11-22,"['Roy Blunt', 'BenjaminHovland', 'DonaldPalmer']",https://www.rules.senate.gov/hearings/watch?hearingid=2DA9C867-5056-A066-604F-61316F9B71EF,35.0,35.0,35.0,35.0,35.0,35.0,35.0,35.0,35.0,35.0,35.0,34.0,34.0,34.0
37,09/26/18,02:30PM,https://www.rules.senate.gov/hearings/register-of-copyrights-selection-and-accountability-act,Full Committee Hearing:Register of Copyrights Selection and Accountability Act,Russell  301,Rules,2021-11-22,"['Roy Blunt', 'JonathanBand', 'KeithKupferschmid']",https://www.rules.senate.gov/hearings/watch?hearingid=82BF11C1-5056-A066-607E-9E071C49D9BD,36.0,36.0,36.0,36.0,36.0,36.0,36.0,36.0,36.0,36.0,36.0,35.0,35.0,35.0
38,08/22/18,10:30AM,https://www.rules.senate.gov/hearings/postponed-s-2593-the-secure-elections-act-,"Business Meeting:POSTPONED S. 2593, the Secure Elections Act ",Russell 301,Rules,2021-11-22,[],,37.0,37.0,37.0,37.0,37.0,37.0,37.0,37.0,37.0,37.0,37.0,36.0,36.0,36.0
39,07/11/18,10:30AM,https://www.rules.senate.gov/hearings/election-security-preparations-federal-and-vendor-perspectives,Full Committee Hearing:Election Security Preparations: Federal and Vendor Perspectives,Russell  301,Rules,2021-11-22,"['Roy Blunt', 'ThomasHicks', 'ChristyMcCormick', 'CharlesRomine', 'MattMasterson', 'Scott Leiendecker', 'Peter Lichtenheld', 'BryanFinney']",https://www.rules.senate.gov/hearings/watch?hearingid=C9FCAAF7-5056-A066-60B6-9B04ED7A69F4,38.0,38.0,38.0,38.0,38.0,38.0,38.0,38.0,38.0,38.0,38.0,37.0,37.0,37.0
40,06/20/18,10:30AM,https://www.rules.senate.gov/hearings/election-security-preparations-a-state-and-local-perspective,Full Committee Hearing:Election Security Preparations: A State and Local Perspective,Russell  301,Rules,2021-11-22,"['Roy Blunt', 'MattMasterson', 'Jim Condos', 'JayAshcroft', 'SteveSimon', 'Connie Lawson', 'Shane Schoeller', 'Noah Praetz']",https://www.rules.senate.gov/hearings/watch?hearingid=CBF9F353-5056-A066-6059-0DDC12293F30,39.0,39.0,39.0,39.0,39.0,39.0,39.0,39.0,39.0,39.0,39.0,38.0,38.0,38.0
41,04/25/18,03:30PM,https://www.rules.senate.gov/hearings/improving-procedures-for-the-consideration-of-nominations-in-the-senate,Markup:Improving Procedures for the Consideration of Nominations in the Senate,Russell 301,Rules,2021-11-22,['Roy Blunt'],https://www.rules.senate.gov/hearings/watch?hearingid=8DFA0DB0-5056-A066-602A-3897B388B2DE,40.0,40.0,40.0,40.0,40.0,40.0,40.0,40.0,40.0,40.0,40.0,39.0,39.0,39.0
42,12/19/17,02:30PM,https://www.rules.senate.gov/hearings/hearing-to-review-s-res-355,Full Committee Hearing:Hearing to review S. Res 355,Russell 301 ,Rules,2021-11-22,['JamesLankford'],https://www.rules.senate.gov/hearings/watch?hearingid=CDB523CF-5056-A066-606C-1A3B75AB4D18,41.0,41.0,41.0,41.0,41.0,41.0,41.0,41.0,41.0,41.0,41.0,40.0,40.0,40.0
43,02/16/17,10:00AM,https://www.rules.senate.gov/hearings/business-meeting-rules-organizational-and-omnibus-committee-funding,Business Meeting:Business Meeting: Rules Organizational and Omnibus Committee Funding,,Rules,2021-11-22,[],https://www.rules.senate.gov/hearings/watch?hearingid=550ADE48-66A4-48CE-BA9E-965DFC65817E,42.0,42.0,42.0,42.0,42.0,42.0,42.0,42.0,42.0,42.0,42.0,41.0,41.0,41.0
44,06/09/16,02:00PM,https://www.rules.senate.gov/hearings/business-meeting-nomination-of-dr-carla-d-hayden,Business Meeting:Business Meeting: Nomination of Dr. Carla D. Hayden,,Rules,2021-11-22,[],https://www.rules.senate.gov/hearings/watch?hearingid=7ADF38E9-0959-4ADA-B829-A741E28DFA59,43.0,43.0,43.0,43.0,43.0,43.0,43.0,43.0,43.0,43.0,43.0,42.0,42.0,42.0
45,04/20/16,02:15PM,https://www.rules.senate.gov/hearings/nomination-of-dr-carla-hayden-to-be-librarian-of-congress,Nomination Hearing:Nomination of Dr. Carla Hayden to be Librarian of Congress,,Rules,2021-11-22,[],https://www.rules.senate.gov/hearings/watch?hearingid=D216E739-803A-4CCD-9F75-F1747F1BFA84,44.0,44.0,44.0,44.0,44.0,44.0,44.0,44.0,44.0,44.0,44.0,43.0,43.0,43.0
46,05/14/15,03:50PM,https://www.rules.senate.gov/hearings/joint-committee-on-printing,Full Committee Hearing:Joint Committee on Printing,,Rules,2021-11-22,[],https://www.rules.senate.gov/hearings/watch?hearingid=1550FAEC-0B33-4651-BADA-BE917B157A92,45.0,45.0,45.0,45.0,45.0,45.0,45.0,45.0,45.0,45.0,45.0,44.0,44.0,44.0
47,05/14/15,03:40PM,https://www.rules.senate.gov/hearings/joint-committee-on-the-library,Full Committee Hearing:Joint Committee on the Library,,Rules,2021-11-22,[],https://www.rules.senate.gov/hearings/watch?hearingid=3DE13D2A-BE51-49CE-AA58-92B3BD77C879,46.0,46.0,46.0,46.0,46.0,46.0,46.0,46.0,46.0,46.0,46.0,45.0,45.0,45.0
48,02/12/15,09:45AM,https://www.rules.senate.gov/hearings/business-meeting-omnibus-committee-funding,Business Meeting:Business Meeting: Omnibus Committee Funding ,,Rules,2021-11-22,[],https://www.rules.senate.gov/hearings/watch?hearingid=08BF89FD-088C-4650-8BB6-A4AC791DA361,47.0,47.0,47.0,47.0,47.0,47.0,47.0,47.0,47.0,47.0,47.0,46.0,46.0,46.0
49,01/29/15,12:00PM,https://www.rules.senate.gov/hearings/114th-congress-organizational-meeting,Organizational Meeting:114th Congress - Organizational Meeting,,Rules,2021-11-22,[],https://www.rules.senate.gov/hearings/watch?hearingid=3DED88AB-EB66-4261-A5D3-9A48A86356AD,48.0,48.0,48.0,48.0,48.0,48.0,48.0,48.0,48.0,48.0,48.0,47.0,47.0,47.0
50,12/03/14,05:45PM,https://www.rules.senate.gov/hearings/business-meeting-eac-nominations,Business Meeting:Business Meeting: EAC Nominations,,Rules,2021-11-22,[],https://www.rules.senate.gov/hearings/watch?hearingid=7A687C46-5278-4931-9684-CF7612E53BF0,49.0,49.0,49.0,49.0,49.0,49.0,49.0,49.0,49.0,49.0,49.0,48.0,48.0,48.0
51,09/10/14,10:00AM,https://www.rules.senate.gov/hearings/election-assistance-commission-nomination-hearing,Nomination Hearing:Election Assistance Commission Nomination Hearing,,Rules,2021-11-22,[],https://www.rules.senate.gov/hearings/watch?hearingid=AA458EAB-3231-45C9-8ABF-C50A3BEBAAA5,50.0,50.0,50.0,50.0,50.0,50.0,50.0,50.0,50.0,50.0,50.0,49.0,49.0,49.0
52,07/23/14,10:00AM,https://www.rules.senate.gov/hearings/the-disclose-act-s2516-and-the-need-for-expanded-public-disclosure-of-funds-raised-and-spent-to-influence-federal-elections,Full Committee Hearing:The DISCLOSE Act (S.2516) and the Need for Expanded Public Disclosure of Funds Raised and Spent to Influence Federal Elections,,Rules,2021-11-22,[],https://www.rules.senate.gov/hearings/watch?hearingid=CF182DDC-C2E3-48EE-9619-A995954D74D6,51.0,51.0,51.0,51.0,51.0,51.0,51.0,51.0,51.0,51.0,51.0,50.0,50.0,50.0
53,06/25/14,02:00PM,https://www.rules.senate.gov/hearings/election-administration-examining-how-early-and-absentee-voting-can-benefit-citizens-and-administrators,Full Committee Hearing:Election Administration:  Examining How Early and Absentee Voting Can Benefit Citizens and Administrators,,Rules,2021-11-22,[],https://www.rules.senate.gov/hearings/watch?hearingid=62933037-C612-48B9-B5D3-198FDB33A726,52.0,52.0,52.0,52.0,52.0,52.0,52.0,52.0,52.0,52.0,52.0,51.0,51.0,51.0
54,05/14/14,09:30AM,https://www.rules.senate.gov/hearings/collection-analysis-and-use-of-data-a-measured-approach-to-improving-election-administration,"Full Committee Hearing:Collection, Analysis and Use of Data: A Measured Approach to Improving Election Administration",,Rules,2021-11-22,[],https://www.rules.senate.gov/hearings/watch?hearingid=C17675B3-00A6-4EF4-9282-73682B7E703B,53.0,53.0,53.0,53.0,53.0,53.0,53.0,53.0,53.0,53.0,53.0,52.0,52.0,52.0
55,04/30/14,10:00AM,https://www.rules.senate.gov/hearings/dollars-and-sense-how-undisclosed-money-and-post-mccutcheon-campaign-finance-will-affect-2014-and-beyond,Full Committee Hearing:Dollars and Sense: How Undisclosed Money and Post-McCutcheon Campaign Finance Will Affect 2014 and Beyond,,Rules,2021-11-22,[],https://www.rules.senate.gov/hearings/watch?hearingid=3FB0FBE5-F5F6-4366-80FA-AB84C40746FF,54.0,54.0,54.0,54.0,54.0,54.0,54.0,54.0,54.0,54.0,54.0,53.0,53.0,53.0
56,04/09/14,11:15AM,https://www.rules.senate.gov/hearings/business-meeting-eac-nominations-and-legislation,Business Meeting:Business Meeting: EAC Nominations and Legislation,,Rules,2021-11-22,[],https://www.rules.senate.gov/hearings/watch?hearingid=48635D8D-DDCD-4D71-AB6E-0D06846F9ABC,55.0,55.0,55.0,55.0,55.0,55.0,55.0,55.0,55.0,55.0,55.0,54.0,54.0,54.0
57,04/09/14,10:00AM,https://www.rules.senate.gov/hearings/election-administration-making-voter-rolls-more-complete-and-more-accurate,Full Committee Hearing:Election Administration: Making Voter Rolls More Complete and More Accurate,,Rules,2021-11-22,[],https://www.rules.senate.gov/hearings/watch?hearingid=176559BE-4FB9-46AB-9445-47CD0EDA136C,56.0,56.0,56.0,56.0,56.0,56.0,56.0,56.0,56.0,56.0,56.0,55.0,55.0,55.0
58,03/12/14,09:45AM,https://www.rules.senate.gov/hearings/election-administration-innovation-administrative-improvements-and-cost-savings,"Full Committee Hearing:Election Administration: Innovation, Administrative Improvements and Cost Savings",,Rules,2021-11-22,[],https://www.rules.senate.gov/hearings/watch?hearingid=66B1BE3D-D5F8-4BC4-9ABE-BE2B773A1621,57.0,57.0,57.0,57.0,57.0,57.0,57.0,57.0,57.0,57.0,57.0,56.0,56.0,56.0
59,02/12/14,10:00AM,https://www.rules.senate.gov/hearings/bipartisan-support-for-improving-us-elections,Full Committee Hearing:Bipartisan Support for Improving U.S. Elections,,Rules,2021-11-22,[],https://www.rules.senate.gov/hearings/watch?hearingid=A34F1454-239D-4E55-8A87-6945E8841B37,58.0,58.0,58.0,58.0,58.0,58.0,58.0,58.0,58.0,58.0,58.0,57.0,57.0,57.0
60,01/29/14,10:00AM,https://www.rules.senate.gov/hearings/sentri-act-s1728,Full Committee Hearing:SENTRI Act (S.1728),,Rules,2021-11-22,[],https://www.rules.senate.gov/hearings/watch?hearingid=E07CAACA-5D57-4FFC-8257-7BDB82C99A0E,59.0,59.0,59.0,59.0,59.0,59.0,59.0,59.0,59.0,59.0,59.0,58.0,58.0,58.0
61,12/11/13,10:00AM,https://www.rules.senate.gov/hearings/2013/12/11/election-assistance-commission-nomination-hearing,Nomination Hearing:Election Assistance Commission Nomination Hearing,,Rules,2021-11-22,[],https://www.rules.senate.gov/hearings/watch?hearingid=1F355E3B-3B70-4F72-95CC-BED1CAE1F46E,60.0,60.0,60.0,60.0,60.0,60.0,60.0,60.0,60.0,60.0,60.0,59.0,59.0,59.0
62,09/24/13,10:00AM,https://www.rules.senate.gov/hearings/meeting-to-consider-the-omnibus-budget-for-senate-committees,Full Committee Hearing:Meeting to Consider the Omnibus Budget for Senate Committees,,Rules,2021-11-22,[],https://www.rules.senate.gov/hearings/watch?hearingid=16D9358F-77B6-4015-9F81-F3CE1FE51143,61.0,61.0,61.0,61.0,61.0,61.0,61.0,61.0,61.0,61.0,61.0,60.0,60.0,60.0
63,09/17/13,11:00AM,https://www.rules.senate.gov/hearings/federal-election-commission-nominations-business-meeting-and-authorizing-expenditures,Business Meeting:Federal Election Commission Nominations Business Meeting and Authorizing Expenditures,,Rules,2021-11-22,[],https://www.rules.senate.gov/hearings/watch?hearingid=7E57C0BC-2C64-449A-9F2E-22E67205EBCB,62.0,62.0,62.0,62.0,62.0,62.0,62.0,62.0,62.0,62.0,62.0,61.0,61.0,61.0
64,07/24/13,10:00AM,https://www.rules.senate.gov/hearings/federal-election-commission-nominations-hearing,Nomination Hearing:Federal Election Commission Nominations Hearing,,Rules,2021-11-22,[],https://www.rules.senate.gov/hearings/watch?hearingid=D1AF0802-17B3-47B6-AD16-91A4EBED5FD6,63.0,63.0,63.0,63.0,63.0,63.0,63.0,63.0,63.0,63.0,63.0,62.0,62.0,62.0
65,07/24/13,09:50AM,https://www.rules.senate.gov/hearings/public-printer-nomination-and-s-375,Nomination Hearing:Public Printer Nomination and S. 375,,Rules,2021-11-22,[],https://www.rules.senate.gov/hearings/watch?hearingid=F9EF7D22-56B7-4050-8609-14331029304A,64.0,64.0,64.0,64.0,64.0,64.0,64.0,64.0,64.0,64.0,64.0,63.0,63.0,63.0
66,06/12/13,10:00AM,https://www.rules.senate.gov/hearings/nomination-of-davita-vance-cooks-of-virginia-to-be-the-public-printer,"Nomination Hearing:Nomination of Davita Vance-Cooks, of Virginia, to be the Public Printer",,Rules,2021-11-22,[],https://www.rules.senate.gov/hearings/watch?hearingid=FCB80648-D9C3-4D96-84DC-A925D0883557,65.0,65.0,65.0,65.0,65.0,65.0,65.0,65.0,65.0,65.0,65.0,64.0,64.0,64.0
67,02/27/13,10:00AM,https://www.rules.senate.gov/hearings/markup-of-the-omnibus-budget-for-senate-committees,Full Committee Hearing:Markup of the Omnibus Budget for Senate Committees,,Rules,2021-11-22,[],https://www.rules.senate.gov/hearings/watch?hearingid=17AF3DBE-54C6-4065-8551-3BA347FD8241,66.0,66.0,66.0,66.0,66.0,66.0,66.0,66.0,66.0,66.0,66.0,65.0,65.0,65.0
68,02/13/13,10:00AM,https://www.rules.senate.gov/hearings/organizational-meeting,Organizational Meeting:Organizational Meeting,,Rules,2021-11-22,[],https://www.rules.senate.gov/hearings/watch?hearingid=357542B5-F0F5-4283-9474-88050419939C,67.0,67.0,67.0,67.0,67.0,67.0,67.0,67.0,67.0,67.0,67.0,66.0,66.0,66.0
69,04/25/12,09:30AM,https://www.rules.senate.gov/hearings/s-219-the-senate-campaign-disclosure-parity-act,"Full Committee Hearing:S. 219, the “Senate Campaign Disclosure Parity Act.”",,Rules,2021-11-22,[],https://www.rules.senate.gov/hearings/watch?hearingid=40910D91-5834-4AEE-B044-AF6542861609,68.0,68.0,68.0,68.0,68.0,68.0,68.0,68.0,68.0,68.0,68.0,67.0,67.0,67.0
70,03/29/12,10:00AM,https://www.rules.senate.gov/hearings/s-2219-the-democracy-is-strengthened-by-casting-light-on-spending-in-elections-act-of-2012-disclose-act-of-2012,"Full Committee Hearing:S. 2219, the “Democracy Is Strengthened by Casting Light on Spending in Elections Act of 2012” (DISCLOSE Act of 2012)",,Rules,2021-11-22,[],https://www.rules.senate.gov/hearings/watch?hearingid=977ABA5D-2591-4386-AF09-541CFBEAAAFC,69.0,69.0,69.0,69.0,69.0,69.0,69.0,69.0,69.0,69.0,69.0,68.0,68.0,68.0
71,06/29/11,10:00AM,https://www.rules.senate.gov/hearings/election-assistance-commission,Full Committee Hearing:Election Assistance Commission,,Rules,2021-11-22,[],https://www.rules.senate.gov/hearings/watch?hearingid=81D15DAC-E004-436B-BB54-2AB3AA933417,70.0,70.0,70.0,70.0,70.0,70.0,70.0,70.0,70.0,70.0,70.0,69.0,69.0,69.0
72,06/22/11,11:30AM,https://www.rules.senate.gov/hearings/joint-committee-on-the-library-organizational-meeting,Organizational Meeting:Joint Committee on the Library Organizational Meeting,,Rules,2021-11-22,[],https://www.rules.senate.gov/hearings/watch?hearingid=E0AE69EE-37CB-4BFB-8133-D0411195BC96,71.0,71.0,71.0,71.0,71.0,71.0,71.0,71.0,71.0,71.0,71.0,70.0,70.0,70.0
73,06/22/11,11:30AM,https://www.rules.senate.gov/hearings/joint-committee-on-printing-organizational-meeting,Organizational Meeting:Joint Committee on Printing Organizational Meeting,,Rules,2021-11-22,[],https://www.rules.senate.gov/hearings/watch?hearingid=83388D10-40F5-40F1-9D00-803A67D4BD48,72.0,72.0,72.0,72.0,72.0,72.0,72.0,72.0,72.0,72.0,72.0,71.0,71.0,71.0
74,05/11/11,02:00PM,https://www.rules.senate.gov/hearings/public-printer-nomination-s-res-116-and-s-739,"Nomination Hearing:Public Printer Nomination, S. Res. 116 and S. 739",,Rules,2021-11-22,[],https://www.rules.senate.gov/hearings/watch?hearingid=B3699479-37D2-43DF-B7CC-2CB0B8358F42,73.0,73.0,73.0,73.0,73.0,73.0,73.0,73.0,73.0,73.0,73.0,72.0,72.0,72.0
75,03/01/11,10:00AM,https://www.rules.senate.gov/hearings/2011/03/01/markup-of-the-omnibus-budget-for-senate-committees,Full Committee Hearing:Markup of the Omnibus Budget for Senate Committees,,Rules,2021-11-22,[],https://www.rules.senate.gov/hearings/watch?hearingid=51D9A9E7-2934-4737-BB98-FBB676EF70BC,74.0,74.0,74.0,74.0,74.0,74.0,74.0,74.0,74.0,74.0,74.0,73.0,73.0,73.0
76,02/17/11,03:30PM,https://www.rules.senate.gov/hearings/committee-on-rules-and-administration-organizational-meeting,Organizational Meeting:Committee on Rules and Administration Organizational Meeting,,Rules,2021-11-22,[],https://www.rules.senate.gov/hearings/watch?hearingid=6D484FAF-4ECA-4009-A40A-3B2D21BEA739,75.0,75.0,75.0,75.0,75.0,75.0,75.0,75.0,75.0,75.0,75.0,74.0,74.0,74.0
77,09/29/10,10:00AM,https://www.rules.senate.gov/hearings/examining-the-filibuster-ideas-to-reduce-delay-and-encourage-debate-in-the-senate,Full Committee Hearing:Examining the Filibuster:  Ideas to Reduce Delay and Encourage Debate in the Senate,,Rules,2021-11-22,[],https://www.rules.senate.gov/hearings/watch?hearingid=B0BBBA6B-0ED2-41F7-BE5C-4499EBF23B50,76.0,76.0,76.0,76.0,76.0,76.0,76.0,76.0,76.0,76.0,76.0,75.0,75.0,75.0
78,09/22/10,10:00AM,https://www.rules.senate.gov/hearings/examining-the-filibuster-legislative-proposals-to-change-senate-procedures,Full Committee Hearing:Examining the Filibuster:  Legislative Proposals to Change Senate Procedures,,Rules,2021-11-22,[],https://www.rules.senate.gov/hearings/watch?hearingid=3A81019C-E7B8-444E-AE95-9B970E2D1FA7,77.0,77.0,77.0,77.0,77.0,77.0,77.0,77.0,77.0,77.0,77.0,76.0,76.0,76.0
79,07/28/10,10:30AM,https://www.rules.senate.gov/hearings/2010/07/28/examining-the-filibuster-legislative-proposals-to-change-senate-procedures,Full Committee Hearing:Examining the Filibuster: Legislative Proposals to Change Senate Procedures,,Rules,2021-11-22,[],https://www.rules.senate.gov/hearings/watch?hearingid=2208A4DD-5E20-48BD-8F82-B2F75D0CD21D,78.0,78.0,78.0,78.0,78.0,78.0,78.0,78.0,78.0,78.0,78.0,77.0,77.0,77.0
80,07/20/10,02:00PM,https://www.rules.senate.gov/hearings/executive-business-meeting-to-consider-the-nomination-of-william-j-boarman-of-maryland-to-be-the-public-printer,"Business Meeting:Executive Business Meeting to Consider the Nomination of William J. Boarman, of Maryland, to be the Public Printer",,Rules,2021-11-22,[],https://www.rules.senate.gov/hearings/watch?hearingid=95CD0907-4E7B-4790-AA86-8803024A89EE,79.0,79.0,79.0,79.0,79.0,79.0,79.0,79.0,79.0,79.0,79.0,78.0,78.0,78.0
81,06/23/10,10:00AM,https://www.rules.senate.gov/hearings/examining-the-filibuster-silent-filibusters-holds-and-the-senate-confirmation-process,"Full Committee Hearing:Examining the Filibuster: Silent Filibusters, Holds and the Senate Confirmation Process",,Rules,2021-11-22,[],https://www.rules.senate.gov/hearings/watch?hearingid=E2701D28-668D-4D1C-9E6F-324AAB11D272,80.0,80.0,80.0,80.0,80.0,80.0,80.0,80.0,80.0,80.0,80.0,79.0,79.0,79.0
82,05/25/10,10:00AM,https://www.rules.senate.gov/hearings/nomination-of-william-j-boarman-to-be-the-public-printer,Nomination Hearing:Nomination of William J. Boarman to be the Public Printer,,Rules,2021-11-22,[],https://www.rules.senate.gov/hearings/watch?hearingid=7E2AA08D-62F4-42D0-8BCD-E617643356E7,81.0,81.0,81.0,81.0,81.0,81.0,81.0,81.0,81.0,81.0,81.0,80.0,80.0,80.0
83,05/19/10,10:00AM,https://www.rules.senate.gov/hearings/examining-the-filibuster-the-filibuster-today-and-its-consequences,Full Committee Hearing:Examining the Filibuster: The Filibuster Today and Its Consequences,,Rules,2021-11-22,[],https://www.rules.senate.gov/hearings/watch?hearingid=073C68FC-B773-41D9-8FDA-8BA9266D848A,82.0,82.0,82.0,82.0,82.0,82.0,82.0,82.0,82.0,82.0,82.0,81.0,81.0,81.0
84,05/05/10,10:00AM,https://www.rules.senate.gov/hearings/voting-by-mail-an-examination-of-state-and-local-experiences,Full Committee Hearing:Voting By Mail: An Examination of State and Local Experiences,,Rules,2021-11-22,[],https://www.rules.senate.gov/hearings/watch?hearingid=F7FA7AF8-D5CA-4B1E-8B4F-2FF94E96E746,83.0,83.0,83.0,83.0,83.0,83.0,83.0,83.0,83.0,83.0,83.0,82.0,82.0,82.0
85,04/22/10,10:00AM,https://www.rules.senate.gov/hearings/examining-the-filibuster-history-of-the-filibuster-1789-2008,Full Committee Hearing:Examining the Filibuster: History of the Filibuster 1789-2008,,Rules,2021-11-22,[],https://www.rules.senate.gov/hearings/watch?hearingid=09CE1F13-E221-48FB-9059-6A3C4805CCD3,84.0,84.0,84.0,84.0,84.0,84.0,84.0,84.0,84.0,84.0,84.0,83.0,83.0,83.0
86,04/15/10,10:00AM,https://www.rules.senate.gov/hearings/hearing-on-the-nomination-of-stephen-t-ayers-to-be-architect-of-the-capitol,Nomination Hearing:Hearing on the Nomination of Stephen T. Ayers to be Architect of the Capitol,,Rules,2021-11-22,[],https://www.rules.senate.gov/hearings/watch?hearingid=9828B3CD-8E10-419C-8452-B0E0911FD6E8,85.0,85.0,85.0,85.0,85.0,85.0,85.0,85.0,85.0,85.0,85.0,84.0,84.0,84.0
87,02/02/10,10:00AM,https://www.rules.senate.gov/hearings/corporate-america-vs-the-voter-examining-the-supreme-courts-decision-to-allow-unlimited-corporate-spending-in-elections,Full Committee Hearing:Corporate America vs. The Voter: Examining the Supreme Court’s Decision to Allow Unlimited Corporate Spending in Elections,,Rules,2021-11-22,[],https://www.rules.senate.gov/hearings/watch?hearingid=7C3867E2-85DF-46AA-84E1-B7112CDA41A2,86.0,86.0,86.0,86.0,86.0,86.0,86.0,86.0,86.0,86.0,86.0,85.0,85.0,85.0
88,07/15/09,09:20AM,https://www.rules.senate.gov/hearings/s-1415-a-bill-introduced-by-senators-schumer-chambliss-and-nelson-ne-the-military-and-overseas-voter-empowerment-act,"Full Committee Hearing:S. 1415, a bill introduced by Senators Schumer, Chambliss, and Nelson (NE), the “Military and Overseas Voter Empowerment Act.”",,Rules,2021-11-22,[],https://www.rules.senate.gov/hearings/watch?hearingid=4F5AEC27-5BD9-4290-A703-2A0A2C5B8FE5,87.0,87.0,87.0,87.0,87.0,87.0,87.0,87.0,87.0,87.0,87.0,86.0,86.0,86.0
89,06/10/09,03:00PM,https://www.rules.senate.gov/hearings/executive-business-meeting,Business Meeting:Executive Business Meeting,,Rules,2021-11-22,[],,88.0,88.0,88.0,88.0,88.0,88.0,88.0,88.0,88.0,88.0,88.0,87.0,87.0,87.0
90,06/10/09,02:30PM,https://www.rules.senate.gov/hearings/federal-election-commission-nomination-hearing-for-john-j-sullivan,Nomination Hearing:Federal Election Commission Nomination Hearing for John J. Sullivan,,Rules,2021-11-22,[],https://www.rules.senate.gov/hearings/watch?hearingid=60CC42E5-6920-4505-A6B2-6771813B822B,89.0,89.0,89.0,89.0,89.0,89.0,89.0,89.0,89.0,89.0,89.0,88.0,88.0,88.0
91,05/13/09,09:50AM,https://www.rules.senate.gov/hearings/problems-for-military-and-overseas-voters-why-many-soldiers-and-their-families-cant-vote,Full Committee Hearing:Problems for Military and Overseas Voters: Why Many Soldiers and Their Families Can't Vote,,Rules,2021-11-22,[],https://www.rules.senate.gov/hearings/watch?hearingid=4BBECB7A-F4B9-487B-A1E6-47065A293CCF,90.0,90.0,90.0,90.0,90.0,90.0,90.0,90.0,90.0,90.0,90.0,89.0,89.0,89.0
92,04/23/09,11:45AM,https://www.rules.senate.gov/hearings/2009/04/23/joint-committee-on-printing-organizational-meeting,Organizational Meeting:Joint Committee on Printing Organizational Meeting,,Rules,2021-11-22,[],,91.0,91.0,91.0,91.0,91.0,91.0,91.0,91.0,91.0,91.0,91.0,90.0,90.0,90.0
93,04/23/09,11:30AM,https://www.rules.senate.gov/hearings/2009/04/23/joint-committee-on-the-library-organizational-meeting,Organizational Meeting:Joint Committee on the Library Organizational Meeting,,Rules,2021-11-22,[],,92.0,92.0,92.0,92.0,92.0,92.0,92.0,92.0,92.0,92.0,92.0,91.0,91.0,91.0
94,03/11/09,10:00AM,https://www.rules.senate.gov/hearings/voter-registration-assessing-current-problems,Full Committee Hearing:Voter Registration: Assessing Current Problems,,Rules,2021-11-22,[],https://www.rules.senate.gov/hearings/watch?hearingid=C33B5AE8-AEE8-413E-85DB-A256CE6169F6,93.0,93.0,93.0,93.0,93.0,93.0,93.0,93.0,93.0,93.0,93.0,92.0,92.0,92.0
95,02/11/09,10:30AM,https://www.rules.senate.gov/hearings/2009/02/11/organizational-meeting,Organizational Meeting:Organizational Meeting,,Rules,2021-11-22,[],https://www.rules.senate.gov/hearings/watch?hearingid=665F003B-EE41-453A-A70E-1F416E3BD2DA,94.0,94.0,94.0,94.0,94.0,94.0,94.0,94.0,94.0,94.0,94.0,93.0,93.0,93.0
96,09/25/08,02:30PM,https://www.rules.senate.gov/hearings/nominations-of-gracia-m-hillman-donetta-davidson-rosemary-e-rodriguez-and-gineen-bresso-beach-to-be-members-of-the-the-election-assistance-commission,"Nomination Hearing:Nominations of Gracia M. Hillman, Donetta Davidson, Rosemary E. Rodriguez and Gineen Bresso Beach to be members of the the Election Assistance Commission ",,Rules,2021-11-22,[],https://www.rules.senate.gov/hearings/watch?hearingid=A1724DB4-CEBB-41D5-B7FB-E4762B029CAB,95.0,95.0,95.0,95.0,95.0,95.0,95.0,95.0,95.0,95.0,95.0,94.0,94.0,94.0
97,09/15/08,10:00AM,https://www.rules.senate.gov/hearings/voter-registration-for-wounded-warriors-s-3308-the-veterans-voter-support-act,"Full Committee Hearing:Voter Registration for Wounded Warriors: S. 3308, the “Veterans Voter Support Act.” ",,Rules,2021-11-22,[],https://www.rules.senate.gov/hearings/watch?hearingid=673A550D-55CB-4224-ABD0-1583CC6E561E,96.0,96.0,96.0,96.0,96.0,96.0,96.0,96.0,96.0,96.0,96.0,95.0,95.0,95.0
98,07/30/08,10:00AM,https://www.rules.senate.gov/hearings/s-3212-the-bipartisan-electronic-voting-reform-act-of-2008,"Full Committee Hearing:S. 3212, the ""Bipartisan Electronic Voting Reform Act of 2008.""",,Rules,2021-11-22,[],https://www.rules.senate.gov/hearings/watch?hearingid=52ED7CB9-0CFD-466D-A62C-86F79FAAB84C,97.0,97.0,97.0,97.0,97.0,97.0,97.0,97.0,97.0,97.0,97.0,96.0,96.0,96.0
99,07/16/08,10:00AM,https://www.rules.senate.gov/hearings/administrative-and-management-operations-of-the-united-states-capitol-police,Full Committee Hearing:Administrative and Management Operations of the United States Capitol Police ,,Rules,2021-11-22,[],https://www.rules.senate.gov/hearings/watch?hearingid=250983FF-AA1A-41D8-9B84-8959CB670EE7,98.0,98.0,98.0,98.0,98.0,98.0,98.0,98.0,98.0,98.0,98.0,97.0,97.0,97.0
100,06/26/08,10:00AM,https://www.rules.senate.gov/hearings/hearing-to-receive-testimony-on-smithsonian-institution-governance-reform-and-a-report-by-the-smithsonians-independent-review-committee,Full Committee Hearing:Hearing to receive testimony on Smithsonian Institution governance reform and a report by the Smithsonian's Independent Review Committee ,,Rules,2021-11-22,[],,99.0,99.0,99.0,99.0,99.0,99.0,99.0,99.0,99.0,99.0,99.0,98.0,98.0,98.0
101,06/18/08,10:00AM,https://www.rules.senate.gov/hearings/improving-energy-efficiency-increasing-the-use-of-renewable-sources-of-energy-and-reducing-the-carbon-footprint-of-the-capitol-complex,"Full Committee Hearing:Improving Energy Efficiency, Increasing the Use of Renewable Sources of Energy, and Reducing the Carbon Footprint of the Capitol Complex ",,Rules,2021-11-22,[],https://www.rules.senate.gov/hearings/watch?hearingid=0A8F7F81-04BD-4C95-A3D2-6BBF565FAA03,100.0,100.0,100.0,100.0,100.0,100.0,100.0,100.0,100.0,100.0,100.0,99.0,99.0,99.0
102,05/22/08,12:18PM,https://www.rules.senate.gov/hearings/executive-business-federal-election-commission-consideration-of-the-following-nominations-to-be-members-of-the-federal-election-commission,Business Meeting:Executive Business Federal Election Commission Consideration of the following nominations to be Members of the Federal Election Commission,,Rules,2021-11-22,[],,101.0,101.0,101.0,101.0,101.0,101.0,101.0,101.0,101.0,101.0,101.0,100.0,100.0,100.0
103,05/21/08,02:00PM,https://www.rules.senate.gov/hearings/nominations-of-cynthia-l-bauerly-caroline-c-hunter-and-donald-f-mcgahn-to-be-members-of-the-federal-election-commission,"Nomination Hearing:Nominations of Cynthia L. Bauerly, Caroline C. Hunter, and Donald F. McGahn to be members of the Federal Election Commission ",,Rules,2021-11-22,[],https://www.rules.senate.gov/hearings/watch?hearingid=1CCCCB6A-B2AD-4C7D-B182-3257821FB6B6,102.0,102.0,102.0,102.0,102.0,102.0,102.0,102.0,102.0,102.0,102.0,101.0,101.0,101.0
104,03/12/08,10:00AM,https://www.rules.senate.gov/hearings/in-person-voter-fraud-myth-and-trigger-for-disenfranchisementd,Full Committee Hearing:In Person Voter Fraud: Myth and Trigger for Disenfranchisement?,,Rules,2021-11-22,[],https://www.rules.senate.gov/hearings/watch?hearingid=DA2797F1-9A39-43B4-8879-4C83D352B6AE,103.0,103.0,103.0,103.0,103.0,103.0,103.0,103.0,103.0,103.0,103.0,102.0,102.0,102.0
105,02/27/08,10:00AM,https://www.rules.senate.gov/hearings/protecting-voters-at-home-and-at-the-polls-limiting-abusive-robocalls-and-vote-caging-practices,Full Committee Hearing:Protecting Voters at Home and at the Polls: Limiting Abusive Robocalls and Vote Caging Practices,,Rules,2021-11-22,[],https://www.rules.senate.gov/hearings/watch?hearingid=19BB6B03-D6DD-407B-960C-DD52BEC09840,104.0,104.0,104.0,104.0,104.0,104.0,104.0,104.0,104.0,104.0,104.0,103.0,103.0,103.0
106,12/12/07,10:00AM,https://www.rules.senate.gov/hearings/hearing-to-receive-testimony-on-funding-challenges-and-facilities-maintenance-issues-facing-the-smithsonian-institution,Full Committee Hearing:Hearing to receive testimony on funding challenges and facilities maintenance issues facing the Smithsonian Institution ,,Rules,2021-11-22,[],https://www.rules.senate.gov/hearings/watch?hearingid=B3FEFE9D-C152-491B-B3CF-38D6422A6F92,105.0,105.0,105.0,105.0,105.0,105.0,105.0,105.0,105.0,105.0,105.0,104.0,104.0,104.0
107,09/26/07,10:00AM,https://www.rules.senate.gov/hearings/2007/09/26/executive-business-meeting,Business Meeting:Executive Business Meeting,,Rules,2021-11-22,[],https://www.rules.senate.gov/hearings/watch?hearingid=5F8E07AD-720A-42C3-8C47-DE89E460661E,106.0,106.0,106.0,106.0,106.0,106.0,106.0,106.0,106.0,106.0,106.0,105.0,105.0,105.0
108,07/25/07,10:00AM,https://www.rules.senate.gov/hearings/hearing-to-receive-testimony-on-s-1487-the-ballot-integrity-act,"Full Committee Hearing:Hearing to receive testimony on S. 1487, the Ballot Integrity Act ",,Rules,2021-11-22,[],https://www.rules.senate.gov/hearings/watch?hearingid=1DFC2A0A-84BB-453C-B3FC-EB7EE9F16D55,107.0,107.0,107.0,107.0,107.0,107.0,107.0,107.0,107.0,107.0,107.0,106.0,106.0,106.0
109,06/26/07,10:00AM,https://www.rules.senate.gov/hearings/2007/06/26/hearing-to-receive-testimony-on-smithsonian-institution-governance-reform-and-a-report-by-the-smithsonians-independent-review-committee,Full Committee Hearing:Hearing to receive testimony on Smithsonian Institution governance reform and a report by the Smithsonian's Independent Review Committee ,,Rules,2021-11-22,[],https://www.rules.senate.gov/hearings/watch?hearingid=6C718683-383D-4CFE-82BF-185C9F958B59,108.0,108.0,108.0,108.0,108.0,108.0,108.0,108.0,108.0,108.0,108.0,107.0,107.0,107.0
110,06/20/07,10:00AM,https://www.rules.senate.gov/hearings/hearing-to-receive-testimony-on-s-1285-the-fair-elections-now-act-to-reform-the-finance-of-senate-elections-and-on-the-high-cost-of-broadcasting-campaign-advertisements,"Full Committee Hearing:Hearing to receive testimony on S. 1285, the ""Fair Elections Now Act,"" to reform the finance of Senate elections and on the high cost of broadcasting campaign advertisements ",,Rules,2021-11-22,[],https://www.rules.senate.gov/hearings/watch?hearingid=A5EFEF9C-028D-4302-903E-23B45EF9AFB7,109.0,109.0,109.0,109.0,109.0,109.0,109.0,109.0,109.0,109.0,109.0,108.0,108.0,108.0
111,06/13/07,10:00AM,https://www.rules.senate.gov/hearings/nominations-to-the-federal-election-commission,Nomination Hearing:Nominations to the Federal Election Commission ,,Rules,2021-11-22,[],https://www.rules.senate.gov/hearings/watch?hearingid=56681E66-F1C8-4E7C-83B7-C53900CCF874,110.0,110.0,110.0,110.0,110.0,110.0,110.0,110.0,110.0,110.0,110.0,109.0,109.0,109.0
112,04/18/07,10:00AM,https://www.rules.senate.gov/hearings/repealing-the-limitation-on-party-coordinated-expenditures-on-behalf-of-candidates-in-general-elections,Full Committee Hearing:Repealing the Limitation on Party Coordinated Expenditures On Behalf of Candidates in General Elections,,Rules,2021-11-22,[],https://www.rules.senate.gov/hearings/watch?hearingid=AEC0B2E3-3111-4204-9344-5FE89C689B4E,111.0,111.0,111.0,111.0,111.0,111.0,111.0,111.0,111.0,111.0,111.0,110.0,110.0,110.0
113,04/11/07,10:00AM,https://www.rules.senate.gov/hearings/smithsonian-oversight-hearing,Full Committee Hearing:Smithsonian Oversight Hearing,,Rules,2021-11-22,[],https://www.rules.senate.gov/hearings/watch?hearingid=6E44F7F3-AD57-4A0C-B056-3220E501D7F2,112.0,112.0,112.0,112.0,112.0,112.0,112.0,112.0,112.0,112.0,112.0,111.0,111.0,111.0
114,03/28/07,10:00AM,https://www.rules.senate.gov/hearings/markup-of-s223-senate-campaign-disclosure-parity-act,Full Committee Hearing:Markup of S.223 Senate Campaign Disclosure Parity Act,,,,,,113.0,113.0,113.0,113.0,113.0,113.0,113.0,113.0,113.0,113.0,113.0,112.0,112.0,112.0
115,,Rules,2021-11-22,[],https://www.rules.senate.gov/hearings/watch?hearingid=D0ADDB73-8A40-49C9-AF93-333542D10624,,,,,114.0,114.0,114.0,114.0,114.0,114.0,114.0,114.0,114.0,114.0,114.0,113.0,113.0,
116,03/14/07,10:00AM,https://www.rules.senate.gov/hearings/hearing-on-s223-to-require-senate-candidates-to-file-designations-statements-and-reports-in-electronic-form,"Full Committee Hearing:Hearing on S.223 To Require Senate Candidates to File Designations, Statements, and Reports in Electronic Form 
",,Rules,2021-11-22,[],https://www.rules.senate.gov/hearings/watch?hearingid=08F198A6-30D5-4DD1-877C-8EC3A9949EE6,115.0,115.0,115.0,115.0,115.0,115.0,115.0,115.0,115.0,115.0,115.0,114.0,114.0,113.0
117,02/28/07,09:30AM,https://www.rules.senate.gov/hearings/omnibus-hearing-on-committee-budgets,Full Committee Hearing:Omnibus Hearing on Committee Budgets,,Rules,2021-11-22,[],,116.0,116.0,116.0,116.0,116.0,116.0,116.0,116.0,116.0,116.0,116.0,115.0,115.0,114.0
118,02/14/07,11:30AM,https://www.rules.senate.gov/hearings/hearing-on-senate-committee-budget-requests,Full Committee Hearing:Hearing on Senate Committee Budget Requests,,,,,,117.0,117.0,117.0,117.0,117.0,117.0,117.0,117.0,117.0,117.0,117.0,116.0,116.0,115.0
119,02/07/07,10:00AM,https://www.rules.senate.gov/hearings/hearing-on-the-hazards-of-electronic-voting-focus-on-the-machinery-of-democracy,Full Committee Hearing:Hearing on The Hazards of Electronic Voting: Focus on the Machinery of Democracy,,,,,,118.0,118.0,118.0,118.0,118.0,118.0,118.0,118.0,118.0,118.0,118.0,117.0,118.0,116.0
120,01/31/07,09:30AM,https://www.rules.senate.gov/hearings/2007/01/31/organizational-meeting,Organizational Meeting:Organizational Meeting,,Rules,2021-11-22,[],https://www.rules.senate.gov/hearings/watch?hearingid=F654471E-C7D4-4214-985F-B726FCD7DFF1,119.0,119.0,119.0,119.0,119.0,119.0,119.0,119.0,119.0,119.0,119.0,118.0,120.0,117.0
121,02/28/06,09:30AM,https://www.rules.senate.gov/hearings/mark-up-on-an-original-bill-to-make-the-legislative-process-more-transparent,Full Committee Hearing:Mark Up on an original bill to make the legislative process more transparent,,Rules,2021-11-22,[],https://www.rules.senate.gov/hearings/watch?hearingid=C53530B2-890C-414E-A794-D16B2DDD5DC4,120.0,120.0,120.0,120.0,120.0,120.0,120.0,120.0,120.0,120.0,120.0,119.0,121.0,118.0
122,02/08/06,02:00PM,https://www.rules.senate.gov/hearings/hearing-to-examine-procedures-to-make-the-legislative-process-more-transparent,Full Committee Hearing:Hearing to Examine Procedures to Make the Legislative Process More Transparent ,,Rules,2021-11-22,[],https://www.rules.senate.gov/hearings/watch?hearingid=DCB46500-040A-40AC-8F60-AD96B290B0E4,121.0,121.0,121.0,121.0,121.0,121.0,121.0,121.0,121.0,121.0,121.0,120.0,122.0,119.0
123,06/21/05,10:00AM,https://www.rules.senate.gov/hearings/hearing-on-voter-verification-in-the-federal-elections-process,Full Committee Hearing:Hearing on Voter Verification in the Federal Elections Process ,,Rules,2021-11-22,[],https://www.rules.senate.gov/hearings/watch?hearingid=FD63F94C-F0FE-421C-97D6-71235580CC27,122.0,122.0,122.0,122.0,122.0,122.0,122.0,122.0,122.0,122.0,122.0,121.0,123.0,120.0
124,04/27/05,09:30AM,https://www.rules.senate.gov/hearings/mark-up-on-s-res-271,Full Committee Hearing:Mark Up on S. Res. 271,,Rules,2021-11-22,[],https://www.rules.senate.gov/hearings/watch?hearingid=BD08A80F-9127-4DB7-BE4E-E40F09849900,123.0,123.0,123.0,123.0,123.0,123.0,123.0,123.0,123.0,123.0,123.0,122.0,124.0,121.0
125,03/08/05,09:30AM,https://www.rules.senate.gov/hearings/hearing-to-examine-and-discuss-s271-a-bill-which-reforms-the-regulatory-and-reporting-structure-of-organizations-registered-under-section-527-of-the-internal-revenue-code,"Full Committee Hearing:Hearing to Examine and Discuss S.271, A Bill which Reforms the Regulatory and Reporting Structure of Organizations Registered Under Section 527 of the Internal Revenue Code ",,Rules,2021-11-22,[],https://www.rules.senate.gov/hearings/watch?hearingid=F86C1DF3-4D75-48CF-B75D-519D93FFE2CB,124.0,124.0,124.0,124.0,124.0,124.0,124.0,124.0,124.0,124.0,124.0,123.0,125.0,122.0
126,02/08/05,09:30AM,https://www.rules.senate.gov/hearings/organizational-meeting-and-hearing-on-committee-budgets,Organizational Meeting:Organizational Meeting and Hearing on Committee Budgets,,Rules,2021-11-22,[],,125.0,125.0,125.0,125.0,125.0,125.0,125.0,125.0,125.0,125.0,125.0,124.0,126.0,123.0
127,10/05/04,09:30AM,https://www.rules.senate.gov/hearings/special-meeting-of-the-committee-to-consider-a-resolution-related-to-recommendations-of-the-national-commission-on-terrorist-attacks-upon-the-united-states,Full Committee Hearing:Special Meeting of the Committee to Consider a Resolution Related to Recommendations of the National Commission on Terrorist Attacks Upon the United States ,,Rules,2021-11-22,[],,126.0,126.0,126.0,126.0,126.0,126.0,126.0,126.0,126.0,126.0,126.0,125.0,127.0,124.0
128,07/14/04,09:30AM,https://www.rules.senate.gov/hearings/hearing-on-oversight-of-the-federal-election-commission,Full Committee Hearing:Hearing on Oversight of the Federal Election Commission ,,Rules,2021-11-22,[],https://www.rules.senate.gov/hearings/watch?hearingid=4EF4A3EE-6561-4004-9484-5F7378059973,127.0,127.0,127.0,127.0,127.0,127.0,127.0,127.0,127.0,127.0,127.0,126.0,128.0,125.0
129,03/10/04,09:30AM,https://www.rules.senate.gov/hearings/hearing-to-examine-the-scope-and-operation-of-organizations-registered-under-section-527-of-the-internal-revenue-code,Full Committee Hearing:Hearing to examine the Scope and Operation of Organizations Registered under Section 527 of the Internal Revenue Code,,,,,,128.0,128.0,128.0,128.0,128.0,128.0,128.0,128.0,128.0,128.0,128.0,127.0,129.0,126.0
130,10/28/03,09:30AM,https://www.rules.senate.gov/hearings/confirmation-hearing-on-presidential-nominees-to-the-election-assistance-commisssion,Full Committee Hearing:Confirmation Hearing on Presidential Nominees to the Election Assistance Commisssion ,,Rules,2021-11-22,[],,129.0,129.0,129.0,129.0,129.0,129.0,129.0,129.0,129.0,129.0,129.0,128.0,131.0,127.0
131,09/16/03,09:30AM,https://www.rules.senate.gov/hearings/joint-hearing-of-the-committee-on-rules-and-administration-and-the-committee-on-the-judiciary-on-ensuring-the-continuity-of-the-united-states-government-the-presidency,Full Committee Hearing:Joint Hearing of the Committee on Rules and Administration and the Committee on the Judiciary on Ensuring the Continuity of the United States Government: The Presidency. ,,Rules,2021-11-22,[],,130.0,130.0,130.0,130.0,130.0,130.0,130.0,130.0,130.0,130.0,130.0,129.0,132.0,128.0
132,07/09/03,09:30AM,https://www.rules.senate.gov/hearings/hearing-on-senate-resolution-173-proposing-changes-in-rule-xvi-of-the-standing-rules-of-the-senate-as-they-relate-to-unauthorized-appropriations,Full Committee Hearing:Hearing on Senate Resolution 173 Proposing Changes in Rule XVI of the Standing Rules of the Senateas they Relate to Unauthorized Appropriations ,,Rules,2021-11-22,[],,131.0,131.0,131.0,131.0,131.0,131.0,131.0,131.0,131.0,131.0,131.0,130.0,133.0,129.0
133,06/24/03,09:30AM,https://www.rules.senate.gov/hearings/markup-on-s-res-138-s-148-and-s-res-178,Full Committee Hearing:Markup on S. Res. 138; S. 148 and S. Res. 178 ,,Rules,2021-11-22,[],,132.0,132.0,132.0,132.0,132.0,132.0,132.0,132.0,132.0,132.0,132.0,131.0,134.0,130.0
134,06/17/03,09:30AM,https://www.rules.senate.gov/hearings/hearing-on-senate-resolution-151-requiring-public-disclosure-of-notices-of-objections-holds-to-proceedings-to-motions-or-measures-in-the-senate,"Full Committee Hearing:Hearing on Senate Resolution 151, Requiring Public Disclosure of Notices of Objections (""Holds"") to Proceedings to Motions or Measures in the Senate.",,Rules,2021-11-22,[],,133.0,133.0,133.0,133.0,133.0,133.0,133.0,133.0,133.0,133.0,133.0,132.0,135.0,131.0
135,06/05/03,02:00PM,https://www.rules.senate.gov/hearings/hearing-on-senate-rule-xxii-and-proposals-to-amend-this-rule,Full Committee Hearing:Hearing on Senate Rule XXII and Proposals to Amend this Rule,,Rules,2021-11-22,[],,134.0,134.0,134.0,134.0,134.0,134.0,134.0,134.0,134.0,134.0,134.0,133.0,136.0,132.0
136,05/20/03,09:30AM,https://www.rules.senate.gov/hearings/hearing-on-oversight-of-the-operations-of-the-john-f-kennedy-center-for-the-performing-arts-and-the-smithsonian-institution,Full Committee Hearing:Hearing on Oversight of the Operations of the John F. Kennedy Center for the Performing Arts and the Smithsonian Institution ,,Rules,2021-11-22,[],,135.0,135.0,135.0,135.0,135.0,135.0,135.0,135.0,135.0,135.0,135.0,134.0,137.0,133.0
137,04/08/03,09:30AM,https://www.rules.senate.gov/hearings/hearing-on-oversight-of-the-operations-of-sergeant-at-arms-library-of-congress-and-congressional-research-service,"Full Committee Hearing:Hearing on Oversight of the Operations of Sergeant at Arms, Library of Congress, and Congressional Research Service ",,Rules,2021-11-22,[],,136.0,136.0,136.0,136.0,136.0,136.0,136.0,136.0,136.0,136.0,136.0,135.0,138.0,134.0
138,03/19/03,09:30AM,https://www.rules.senate.gov/hearings/hearing-on-oversight-of-the-operations-of-secretary-of-the-senate-and-architect-of-the-capitol,Full Committee Hearing:Hearing on Oversight of the Operations of Secretary of the Senate and Architect of the Capitol ,,Rules,2021-11-22,[],,137.0,137.0,137.0,137.0,137.0,137.0,137.0,137.0,137.0,137.0,137.0,136.0,139.0,135.0
139,02/26/03,09:30AM,https://www.rules.senate.gov/hearings/mark-up-on-s-res-66,Full Committee Hearing:Mark Up on S. Res. 66,,Rules,2021-11-22,[],,138.0,138.0,138.0,138.0,138.0,138.0,138.0,138.0,138.0,138.0,138.0,137.0,140.0,136.0
140,02/13/03,09:30AM,https://www.rules.senate.gov/hearings/2003/02/13/organizational-meeting-and-hearing-on-committee-budgets,Organizational Meeting:Organizational Meeting and Hearing on Committee Budgets,,Rules,2021-11-22,[],,139.0,139.0,139.0,139.0,139.0,139.0,139.0,139.0,139.0,139.0,139.0,138.0,141.0,137.0
141,07/23/01,09:00AM,https://www.rules.senate.gov/hearings/field-hearing-in-atlanta-georgia-to-receive-testimony-on-election-reform,"Full Committee Hearing:Field Hearing in Atlanta, Georgia to Receive Testimony on Election Reform",,Rules,2021-11-22,[],,140.0,140.0,140.0,140.0,140.0,140.0,140.0,140.0,140.0,140.0,140.0,139.0,142.0,138.0
142,06/28/01,10:00AM,https://www.rules.senate.gov/hearings/hearing-to-receive-testimony-from-members-of-the-house-of-representatives-on-election-reform-issues,Full Committee Hearing:Hearing To Receive Testimony from Members of the House  of Representatives on Election Reform Issues,,Rules,2021-11-22,[],,141.0,141.0,141.0,141.0,141.0,141.0,141.0,141.0,141.0,141.0,141.0,140.0,143.0,139.0
143,06/27/01,10:30AM,https://www.rules.senate.gov/hearings/federal-election-reform,Full Committee Hearing:Federal Election Reform,,Rules,2021-11-22,[],,142.0,142.0,142.0,142.0,142.0,142.0,142.0,142.0,142.0,142.0,142.0,141.0,144.0,140.0
144,03/14/01,09:30AM,https://www.rules.senate.gov/hearings/hearing-on-election-reform,Full Committee Hearing:Hearing on Election Reform,,Rules,2021-11-22,[],,143.0,143.0,143.0,143.0,143.0,143.0,143.0,143.0,143.0,143.0,143.0,142.0,145.0,141.0
145,06/27/00,08:30AM,https://www.rules.senate.gov/hearings/hearings-on-the-operations-of-the-library-of-congress-and-the-smithsonian-institution,Full Committee Hearing:Hearings on the Operations of the Library of Congress and the Smithsonian Institution,,Rules,2021-11-22,[],,144.0,144.0,144.0,144.0,144.0,144.0,144.0,144.0,144.0,144.0,144.0,143.0,146.0,142.0
146,05/17/00,09:30AM,https://www.rules.senate.gov/hearings/hearings-on-legislative-remedies,Full Committee Hearing:Hearings on Legislative Remedies,,Rules,2021-11-22,[],,145.0,145.0,145.0,145.0,145.0,145.0,145.0,145.0,145.0,145.0,145.0,144.0,147.0,143.0
147,05/03/00,09:30AM,https://www.rules.senate.gov/hearings/hearings-on-political-speech-on-the-internet,Full Committee Hearing:Hearings on Political Speech on the Internet ,,Rules,2021-11-22,[],,146.0,146.0,146.0,146.0,146.0,146.0,146.0,146.0,146.0,146.0,146.0,145.0,148.0,144.0
148,04/26/00,09:30AM,https://www.rules.senate.gov/hearings/hearings-on-citizen-participation-in-the-political-process,Full Committee Hearing:Hearings on Citizen Participation in the Political Process,,Rules,2021-11-22,[],,147.0,147.0,147.0,147.0,147.0,147.0,147.0,147.0,147.0,147.0,147.0,146.0,149.0,145.0
149,04/12/00,09:30AM,https://www.rules.senate.gov/hearings/hearings-on-compelled-political-speech,Full Committee Hearing:Hearings on Compelled Political Speech,,Rules,2021-11-22,[],,148.0,148.0,148.0,148.0,148.0,148.0,148.0,148.0,148.0,148.0,148.0,147.0,150.0,146.0
150,04/05/00,09:30AM,https://www.rules.senate.gov/hearings/hearings-on-political-parties-in-america,Full Committee Hearing:Hearings on Political Parties in America,,Rules,2021-11-22,[],,149.0,149.0,149.0,149.0,149.0,149.0,149.0,149.0,149.0,149.0,149.0,148.0,151.0,147.0
151,03/30/00,09:30AM,https://www.rules.senate.gov/hearings/hearings-on-the-operations-of-the-architect-of-the-capitol,Full Committee Hearing:Hearings on the Operations of the Architect of the Capitol,,Rules,2021-11-22,[],,150.0,150.0,150.0,150.0,150.0,150.0,150.0,150.0,150.0,150.0,150.0,149.0,152.0,148.0
152,03/29/00,09:30AM,https://www.rules.senate.gov/hearings/hearings-on-presidential-primaries-and-campaign-finance,Full Committee Hearing:Hearings on Presidential Primaries and Campaign Finance ,,Rules,2021-11-22,[],,151.0,151.0,151.0,151.0,151.0,151.0,151.0,151.0,151.0,151.0,151.0,150.0,153.0,149.0
153,03/22/00,09:00AM,https://www.rules.senate.gov/hearings/hearings-on-the-constitution-and-campaign-reform,Full Committee Hearing:Hearings on the Constitution and Campaign Reform,,Rules,2021-11-22,[],,152.0,152.0,152.0,152.0,152.0,152.0,152.0,152.0,152.0,152.0,152.0,151.0,154.0,150.0
154,03/08/00,09:30AM,https://www.rules.senate.gov/hearings/hearings-on-nominations-to-the-federal-election-commission,Nomination Hearing:Hearings on Nominations to the Federal Election Commission,,Rules,2021-11-22,[],,153.0,153.0,153.0,153.0,153.0,153.0,153.0,153.0,153.0,153.0,153.0,152.0,155.0,151.0
155,10/20/99,09:30AM,https://www.rules.senate.gov/hearings/1999/10/20/hearings-on-the-operations-of-the-architect-of-the-capitol,Full Committee Hearing:Hearings on the Operations of the Architect of the Capitol,,Rules,2021-11-22,[],,154.0,154.0,154.0,154.0,154.0,154.0,154.0,154.0,154.0,154.0,154.0,153.0,156.0,152.0
156,09/22/99,09:30AM,https://www.rules.senate.gov/hearings/mark-up-on-s-res-172,Full Committee Hearing:Mark Up on S. Res 172 ,,Rules,2021-11-22,[],,155.0,155.0,155.0,155.0,155.0,155.0,155.0,155.0,155.0,155.0,155.0,154.0,157.0,153.0
157,07/28/99,09:30AM,https://www.rules.senate.gov/hearings/oversight-hearing-on-the-operations-of-the-smithsonian-institution,Full Committee Hearing:Oversight Hearing on the Operations of the Smithsonian Institution,,Rules,2021-11-22,[],,156.0,156.0,156.0,156.0,156.0,156.0,156.0,156.0,156.0,156.0,156.0,155.0,158.0,154.0
158,03/24/99,09:30AM,https://www.rules.senate.gov/hearings/hearings-on-campaign-contribution-limits,Full Committee Hearing:Hearings on Campaign Contribution Limits,,Rules,2021-11-22,[],,157.0,157.0,157.0,157.0,157.0,157.0,157.0,157.0,157.0,157.0,157.0,156.0,159.0,155.0
